,,REPORTE COTIZACIONES,,,,27/11/2016 - 28/11/2019,,
Instrumento,Fecha,,Precio,Var %,Var Anual %,,TIR %,Mod. Duration (a√±os)
ARS,28/11/2019,,"59,77","-0,22",,,,
ARS,27/11/2019,,"59,90","0,13",,,,
ARS,26/11/2019,,"59,82","0,50",,,,
ARS,25/11/2019,,"59,53","0,00",,,,
ARS,22/11/2019,,"59,78","-0,02",,,,
ARS,21/11/2019,,"59,73","-0,10",,,,
ARS,20/11/2019,,"59,54","0,05",,,,
ARS,19/11/2019,,"59,51","0,36",,,,
ARS,18/11/2019,,"59,30","0,00",,,,
ARS,15/11/2019,,"59,49","-0,19",,,,
ARS,14/11/2019,,"59,60","0,11",,,,
ARS,13/11/2019,,"59,54","0,04",,,,
ARS,12/11/2019,,"59,51","0,02",,,,
ARS,11/11/2019,,"59,50","0,01",,,,
ARS,08/11/2019,,"59,50","-0,16",,,,
ARS,07/11/2019,,"59,59","-0,11",,,,
ARS,06/11/2019,,"59,66","0,00",,,,
ARS,05/11/2019,,"59,66","0,03",,,,
ARS,04/11/2019,,"59,64","0,20",,,,
ARS,01/11/2019,,"59,52","-0,07",,,,
ARS,31/10/2019,,"59,56","0,08",,,,
ARS,30/10/2019,,"59,62","0,18",,,,
ARS,29/10/2019,,"59,27","0,03",,,,
ARS,28/10/2019,,"59,25","-1,12",,,,
ARS,25/10/2019,,"59,92","0,96",,,,
ARS,24/10/2019,,"59,35","0,94",,,,
ARS,23/10/2019,,"58,91","0,19",,,,
ARS,22/10/2019,,"58,64","0,57",,,,
ARS,21/10/2019,,"58,40","0,15",,,,
ARS,18/10/2019,,"58,17","-0,11",,,,
ARS,17/10/2019,,"58,14","-0,16",,,,
ARS,16/10/2019,,"56,00","-3,90",,,,
ARS,15/10/2019,,"58,27","0,43",,,,
ARS,11/10/2019,,"58,02","0,39",,,,
ARS,10/10/2019,,"57,92","0,21",,,,
ARS,09/10/2019,,"56,00","-3,19",,,,
ARS,08/10/2019,,"57,84","0,06",,,,
ARS,07/10/2019,,"57,81","0,47",,,,
ARS,04/10/2019,,"57,54","-0,21",,,,
ARS,03/10/2019,,"57,66","-0,28",,,,
ARS,02/10/2019,,"57,82","0,31",,,,
ARS,01/10/2019,,"57,64","0,09",,,,
ARS,30/09/2019,,"57,59","0,47",,,,
ARS,27/09/2019,,"57,32","0,50",,,,
ARS,26/09/2019,,"57,16","0,22",,,,
ARS,25/09/2019,,"56,88","0,04",,,,
ARS,24/09/2019,,"56,86","-0,11",,,,
ARS,23/09/2019,,"56,92","0,46",,,,
ARS,20/09/2019,,"56,66","0,46",,,,
ARS,19/09/2019,,"56,40","0,10",,,,
ARS,18/09/2019,,"56,34","-0,25",,,,
ARS,17/09/2019,,"56,48","0,40",,,,
ARS,16/09/2019,,"56,26","0,60",,,,
ARS,13/09/2019,,"56,07","0,26",,,,
ARS,12/09/2019,,"56,08","-0,16",,,,
ARS,11/09/2019,,"56,17","0,59",,,,
ARS,10/09/2019,,"55,84","-0,28",,,,
ARS,09/09/2019,,"56,01","0,02",,,,
ARS,06/09/2019,,"55,80","-0,36",,,,
ARS,05/09/2019,,"56,00","0,13",,,,
ARS,04/09/2019,,"55,93","-0,01",,,,
ARS,03/09/2019,,"55,93","0,00",,,,
ARS,02/09/2019,,"57,50","-3,35",,,,
ARS,30/08/2019,,"59,50","2,81",,,,
ARS,29/08/2019,,"57,87","-0,12",,,,
ARS,28/08/2019,,"57,94","2,96",,,,
ARS,27/08/2019,,"56,27","1,77",,,,
ARS,26/08/2019,,"55,30","0,01",,,,
ARS,23/08/2019,,"55,15","0,13",,,,
ARS,22/08/2019,,"55,08","0,20",,,,
ARS,21/08/2019,,"54,97","0,48",,,,
ARS,20/08/2019,,"54,71","-0,22",,,,
ARS,19/08/2019,,"54,83","0,00",,,,
ARS,16/08/2019,,"54,83","-3,97",,,,
ARS,15/08/2019,,"57,10","-5,21",,,,
ARS,14/08/2019,,"60,24","8,40",,,,
ARS,13/08/2019,,"55,57","6,56",,,,
ARS,12/08/2019,,"52,15","15,26",,,,
ARS,09/08/2019,,"45,24","-0,01",,,,
ARS,08/08/2019,,"45,17","-0,73",,,,
ARS,07/08/2019,,"45,51","0,01",,,,
ARS,06/08/2019,,"45,27","-0,29",,,,
ARS,05/08/2019,,"45,40","1,82",,,,
ARS,02/08/2019,,"44,58","0,66",,,,
ARS,01/08/2019,,"44,29","1,09",,,,
ARS,31/07/2019,,"43,82","-0,12",,,,
ARS,30/07/2019,,"43,87","0,00",,,,
ARS,29/07/2019,,"43,74","1,09",,,,
ARS,26/07/2019,,"43,27","-0,14",,,,
ARS,25/07/2019,,"43,33","1,19",,,,
ARS,24/07/2019,,"42,82","0,50",,,,
ARS,23/07/2019,,"42,61","0,00",,,,
ARS,22/07/2019,,"42,45","0,00",,,,
ARS,19/07/2019,,"42,28","0,00",,,,
ARS,18/07/2019,,"42,28","-0,41",,,,
ARS,17/07/2019,,"42,45","0,00",,,,
ARS,16/07/2019,,"42,67","0,88",,,,
ARS,15/07/2019,,"42,30","1,71",,,,
ARS,12/07/2019,,"41,58","-0,28",,,,
ARS,11/07/2019,,"41,70","-0,21",,,,
ARS,10/07/2019,,"41,79","-0,03",,,,
ARS,09/07/2019,,"41,80","0,10",,,,
ARS,08/07/2019,,"41,76","-0,10",,,,
ARS,05/07/2019,,"41,80","0,72",,,,
ARS,04/07/2019,,"41,50","-1,26",,,,
ARS,03/07/2019,,"42,03","-0,17",,,,
ARS,02/07/2019,,"42,15","0,11",,,,
ARS,01/07/2019,,"42,35","0,09",,,,
ARS,28/06/2019,,"42,47","-0,52",,,,
ARS,27/06/2019,,"42,69","0,20",,,,
ARS,26/06/2019,,"42,67","0,15",,,,
ARS,25/06/2019,,"42,33","-0,11",,,,
ARS,24/06/2019,,"42,37","-0,85",,,,
ARS,21/06/2019,,"42,74","-1,25",,,,
ARS,20/06/2019,,"43,28","-0,12",,,,
ARS,19/06/2019,,"43,33","-0,25",,,,
ARS,18/06/2019,,"43,44","-1,13",,,,
ARS,17/06/2019,,"43,94","-0,02",,,,
ARS,14/06/2019,,"43,91","-0,08",,,,
ARS,13/06/2019,,"43,45","-0,51",,,,
ARS,12/06/2019,,"43,67","0,00",,,,
ARS,11/06/2019,,"44,65","0,00",,,,
ARS,10/06/2019,,"44,83","-0,02",,,,
ARS,07/06/2019,,"44,84","-0,09",,,,
ARS,06/06/2019,,"44,88","0,07",,,,
ARS,05/06/2019,,"44,90","0,11",,,,
ARS,04/06/2019,,"44,67","0,01",,,,
ARS,03/06/2019,,"44,85","0,10",,,,
ARS,31/05/2019,,"44,68","-0,01",,,,
ARS,30/05/2019,,"44,55","0,02",,,,
ARS,29/05/2019,,"44,43","-0,02",,,,
ARS,28/05/2019,,"44,62","-0,61",,,,
ARS,27/05/2019,,"44,90","0,33",,,,
ARS,24/05/2019,,"44,82","0,15",,,,
ARS,23/05/2019,,"45,01","0,44",,,,
ARS,22/05/2019,,"44,82","0,08",,,,
ARS,21/05/2019,,"44,78","0,00",,,,
ARS,20/05/2019,,"45,14","0,44",,,,
ARS,17/05/2019,,"44,94","0,59",,,,
ARS,16/05/2019,,"44,68","-0,51",,,,
ARS,15/05/2019,,"44,91","-0,04",,,,
ARS,14/05/2019,,"44,93","-0,34",,,,
ARS,13/05/2019,,"45,14","0,12",,,,
ARS,10/05/2019,,"44,72","-1,12",,,,
ARS,09/05/2019,,"45,22","0,56",,,,
ARS,08/05/2019,,"44,97","-0,64",,,,
ARS,07/05/2019,,"45,26","1,39",,,,
ARS,06/05/2019,,"44,68","0,09",,,,
ARS,03/05/2019,,"44,48","0,09",,,,
ARS,02/05/2019,,"44,72","1,39",,,,
ARS,01/05/2019,,"44,11","-0,30",,,,
ARS,30/04/2019,,"44,24","-0,24",,,,
ARS,29/04/2019,,"44,31","-0,10",,,,
ARS,26/04/2019,,"45,81","1,98",,,,
ARS,25/04/2019,,"45,04","0,27",,,,
ARS,24/04/2019,,"43,85","3,43",,,,
ARS,23/04/2019,,"42,36","-0,10",,,,
ARS,22/04/2019,,"42,42","1,50",,,,
ARS,19/04/2019,,"41,79","0,00",,,,
ARS,18/04/2019,,"41,79","0,41",,,,
ARS,17/04/2019,,"41,62","-1,51",,,,
ARS,16/04/2019,,"42,26","1,64",,,,
ARS,15/04/2019,,"41,58","0,00",,,,
ARS,12/04/2019,,"42,14","0,00",,,,
ARS,11/04/2019,,"42,68","-0,62",,,,
ARS,10/04/2019,,"42,94","-0,87",,,,
ARS,09/04/2019,,"43,39","0,16",,,,
ARS,08/04/2019,,"43,68","-0,44",,,,
ARS,05/04/2019,,"43,87","1,19",,,,
ARS,04/04/2019,,"43,36","1,26",,,,
ARS,03/04/2019,,"42,82","0,32",,,,
ARS,02/04/2019,,"42,68","0,00",,,,
ARS,01/04/2019,,"42,68","-1,38",,,,
ARS,29/03/2019,,"43,28","-0,71",,,,
ARS,28/03/2019,,"43,59","-0,57",,,,
ARS,27/03/2019,,"43,84","2,93",,,,
ARS,26/03/2019,,"42,59","1,39",,,,
ARS,25/03/2019,,"42,01","0,64",,,,
ARS,22/03/2019,,"41,74","1,76",,,,
ARS,21/03/2019,,"41,02","0,53",,,,
ARS,20/03/2019,,"40,80","0,80",,,,
ARS,19/03/2019,,"40,48","1,26",,,,
ARS,18/03/2019,,"39,98","-0,01",,,,
ARS,15/03/2019,,"39,98","-1,76",,,,
ARS,14/03/2019,,"40,70","0,00",,,,
ARS,13/03/2019,,"41,18","-0,68",,,,
ARS,12/03/2019,,"41,46","0,61",,,,
ARS,11/03/2019,,"41,21","0,22",,,,
ARS,08/03/2019,,"41,18","0,15",,,,
ARS,07/03/2019,,"42,33","3,96",,,,
ARS,06/03/2019,,"40,72","2,26",,,,
ARS,05/03/2019,,"39,82","0,00",,,,
ARS,04/03/2019,,"39,82","0,08",,,,
ARS,01/03/2019,,"39,79","1,78",,,,
ARS,28/02/2019,,"39,09","0,90",,,,
ARS,27/02/2019,,"38,74","-0,33",,,,
ARS,26/02/2019,,"38,87","-0,31",,,,
ARS,25/02/2019,,"38,99","-0,46",,,,
ARS,22/02/2019,,"39,17","-0,79",,,,
ARS,21/02/2019,,"39,48","-0,45",,,,
ARS,20/02/2019,,"39,66","0,99",,,,
ARS,19/02/2019,,"39,26","-0,03",,,,
ARS,18/02/2019,,"38,65","0,18",,,,
ARS,15/02/2019,,"38,58","1,10",,,,
ARS,14/02/2019,,"38,16","-0,05",,,,
ARS,13/02/2019,,"38,14","-0,09",,,,
ARS,12/02/2019,,"37,93","0,10",,,,
ARS,11/02/2019,,"37,89","0,19",,,,
ARS,08/02/2019,,"37,82","0,15",,,,
ARS,07/02/2019,,"37,76","0,72",,,,
ARS,06/02/2019,,"37,49","0,77",,,,
ARS,05/02/2019,,"37,20","-0,01",,,,
ARS,04/02/2019,,"37,12","-0,01",,,,
ARS,01/02/2019,,"37,15","0,08",,,,
ARS,31/01/2019,,"37,27","-0,48",,,,
ARS,30/01/2019,,"37,50","0,12",,,,
ARS,29/01/2019,,"37,62","1,42",,,,
ARS,28/01/2019,,"37,09","0,22",,,,
ARS,25/01/2019,,"37,01","-0,96",,,,
ARS,24/01/2019,,"37,37","-0,43",,,,
ARS,23/01/2019,,"37,53","0,13",,,,
ARS,22/01/2019,,"37,48","-0,37",,,,
ARS,21/01/2019,,"37,62","0,12",,,,
ARS,18/01/2019,,"37,58","-0,21",,,,
ARS,17/01/2019,,"37,65","0,56",,,,
ARS,16/01/2019,,"37,44","1,00",,,,
ARS,15/01/2019,,"37,11","0,10",,,,
ARS,14/01/2019,,"36,94","0,22",,,,
ARS,11/01/2019,,"36,86","0,03",,,,
ARS,10/01/2019,,"36,85","-1,25",,,,
ARS,09/01/2019,,"37,32","-0,52",,,,
ARS,08/01/2019,,"37,51","0,65",,,,
ARS,07/01/2019,,"37,29","0,06",,,,
ARS,04/01/2019,,"37,34","-0,19",,,,
ARS,03/01/2019,,"37,41","-0,76",,,,
ARS,02/01/2019,,"37,70","0,20",,,,
ARS,31/12/2018,,"37,62","-0,16",,,,
ARS,28/12/2018,,"37,68","-1,51",,,,
ARS,27/12/2018,,"38,26","-0,66",,,,
ARS,26/12/2018,,"38,51","1,51",,,,
ARS,24/12/2018,,"37,94","-0,07",,,,
ARS,21/12/2018,,"37,96","-0,10",,,,
ARS,20/12/2018,,"38,00","-0,91",,,,
ARS,19/12/2018,,"38,35","0,34",,,,
ARS,18/12/2018,,"38,26","0,09",,,,
ARS,17/12/2018,,"38,25","0,36",,,,
ARS,14/12/2018,,"38,14","0,06",,,,
ARS,13/12/2018,,"37,80","0,68",,,,
ARS,12/12/2018,,"37,57","0,07",,,,
ARS,11/12/2018,,"37,79","0,37",,,,
ARS,10/12/2018,,"37,65","0,87",,,,
ARS,07/12/2018,,"37,33","-0,97",,,,
ARS,06/12/2018,,"37,69","0,65",,,,
ARS,05/12/2018,,"37,45","0,31",,,,
ARS,04/12/2018,,"37,33","2,35",,,,
ARS,03/12/2018,,"36,53","0,15",,,,
ARS,30/11/2018,,"37,71","0,00",,,,
ARS,29/11/2018,,"37,71","-1,91",,,,
ARS,28/11/2018,,"38,44","-0,20",,,,
ARS,27/11/2018,,"38,52","-1,42",,,,
ARS,26/11/2018,,"39,07","4,08",,,,
ARS,23/11/2018,,"37,54","3,10",,,,
ARS,22/11/2018,,"36,41","0,44",,,,
ARS,21/11/2018,,"36,25","0,29",,,,
ARS,20/11/2018,,"36,17","0,07",,,,
ARS,19/11/2018,,"35,90","0,00",,,,
ARS,16/11/2018,,"35,90","-0,32",,,,
ARS,15/11/2018,,"36,01","0,37",,,,
ARS,14/11/2018,,"35,88","0,01",,,,
ARS,13/11/2018,,"36,01","1,58",,,,
ARS,12/11/2018,,"35,45","0,23",,,,
ARS,09/11/2018,,"35,37","-0,19",,,,
ARS,08/11/2018,,"35,44","-0,54",,,,
ARS,07/11/2018,,"35,63","0,08",,,,
ARS,06/11/2018,,"35,60","-0,01",,,,
ARS,05/11/2018,,"35,60","0,45",,,,
ARS,02/11/2018,,"35,44","-0,62",,,,
ARS,01/11/2018,,"35,66","-0,63",,,,
ARS,31/10/2018,,"35,89","-2,26",,,,
ARS,30/10/2018,,"36,72","-0,43",,,,
ARS,29/10/2018,,"36,88","0,26",,,,
ARS,26/10/2018,,"36,78","0,15",,,,
ARS,25/10/2018,,"36,73","-0,65",,,,
ARS,24/10/2018,,"36,97","1,15",,,,
ARS,23/10/2018,,"36,55","0,36",,,,
ARS,22/10/2018,,"36,42","-0,30",,,,
ARS,19/10/2018,,"36,53","-0,47",,,,
ARS,18/10/2018,,"36,56","-0,39",,,,
ARS,17/10/2018,,"36,16","0,94",,,,
ARS,16/10/2018,,"35,82","-2,33",,,,
ARS,15/10/2018,,"36,68","0,00",,,,
ARS,12/10/2018,,"36,68","0,25",,,,
ARS,11/10/2018,,"36,59","-1,56",,,,
ARS,10/10/2018,,"37,17","0,87",,,,
ARS,09/10/2018,,"36,85","-1,47",,,,
ARS,08/10/2018,,"37,40","-1,08",,,,
ARS,05/10/2018,,"37,83","0,06",,,,
ARS,04/10/2018,,"38,59","2,25",,,,
ARS,03/10/2018,,"37,74","-0,87",,,,
ARS,02/10/2018,,"38,07","-3,38",,,,
ARS,01/10/2018,,"39,40","-4,55",,,,
ARS,28/09/2018,,"41,28","5,04",,,,
ARS,27/09/2018,,"39,53","0,59",,,,
ARS,26/09/2018,,"38,20","-0,14",,,,
ARS,25/09/2018,,"38,25","2,58",,,,
ARS,24/09/2018,,"37,29","0,32",,,,
ARS,21/09/2018,,"37,17","-2,59",,,,
ARS,20/09/2018,,"38,16","-2,79",,,,
ARS,19/09/2018,,"39,25","-1,18",,,,
ARS,18/09/2018,,"39,72","0,55",,,,
ARS,17/09/2018,,"39,50","-0,59",,,,
ARS,14/09/2018,,"39,74","1,63",,,,
ARS,13/09/2018,,"39,10","2,46",,,,
ARS,12/09/2018,,"38,16","0,59",,,,
ARS,11/09/2018,,"37,94","1,69",,,,
ARS,10/09/2018,,"37,31","1,05",,,,
ARS,07/09/2018,,"36,92","-1,20",,,,
ARS,06/09/2018,,"37,37","-2,74",,,,
ARS,05/09/2018,,"38,42","-1,23",,,,
ARS,04/09/2018,,"38,90","3,05",,,,
ARS,03/09/2018,,"37,75","2,58",,,,
ARS,31/08/2018,,"36,80","-3,06",,,,
ARS,30/08/2018,,"37,96","11,99",,,,
ARS,29/08/2018,,"33,90","7,84",,,,
ARS,28/08/2018,,"31,43","1,69",,,,
ARS,27/08/2018,,"30,91","0,27",,,,
ARS,24/08/2018,,"30,83","1,25",,,,
ARS,23/08/2018,,"30,45","0,82",,,,
ARS,22/08/2018,,"30,20","0,79",,,,
ARS,21/08/2018,,"29,96","0,45",,,,
ARS,20/08/2018,,"29,83","0,00",,,,
ARS,17/08/2018,,"29,83","0,56",,,,
ARS,16/08/2018,,"29,66","-0,29",,,,
ARS,15/08/2018,,"29,75","0,39",,,,
ARS,14/08/2018,,"29,64","0,00",,,,
ARS,13/08/2018,,"29,91","2,36",,,,
ARS,10/08/2018,,"29,22","4,13",,,,
ARS,09/08/2018,,"28,06","1,68",,,,
ARS,08/08/2018,,"27,60","0,85",,,,
ARS,07/08/2018,,"27,36","0,23",,,,
ARS,06/08/2018,,"27,30","0,00",,,,
ARS,03/08/2018,,"27,26","-0,53",,,,
ARS,02/08/2018,,"27,41","-0,24",,,,
ARS,01/08/2018,,"27,48","0,32",,,,
ARS,31/07/2018,,"27,39","0,60",,,,
ARS,30/07/2018,,"27,23","-0,25",,,,
ARS,27/07/2018,,"27,30","-0,28",,,,
ARS,26/07/2018,,"27,37","0,11",,,,
ARS,25/07/2018,,"27,34","0,00",,,,
ARS,24/07/2018,,"27,45","0,00",,,,
ARS,23/07/2018,,"27,58","0,03",,,,
ARS,20/07/2018,,"27,57","0,00",,,,
ARS,19/07/2018,,"27,72","0,40",,,,
ARS,18/07/2018,,"27,61","0,33",,,,
ARS,17/07/2018,,"27,49","-0,10",,,,
ARS,16/07/2018,,"27,30","0,38",,,,
ARS,13/07/2018,,"27,20","0,07",,,,
ARS,12/07/2018,,"27,18","0,00",,,,
ARS,11/07/2018,,"27,35","0,12",,,,
ARS,10/07/2018,,"27,32","-2,06",,,,
ARS,09/07/2018,,"27,89","0,00",,,,
ARS,06/07/2018,,"27,89","-0,53",,,,
ARS,05/07/2018,,"28,04","-0,01",,,,
ARS,04/07/2018,,"28,04","0,49",,,,
ARS,03/07/2018,,"27,90","-1,18",,,,
ARS,02/07/2018,,"28,24","0,00",,,,
ARS,29/06/2018,,"28,88","3,26",,,,
ARS,28/06/2018,,"27,97","1,97",,,,
ARS,27/06/2018,,"27,43","1,40",,,,
ARS,26/06/2018,,"27,05","-0,11",,,,
ARS,25/06/2018,,"27,08","0,32",,,,
ARS,22/06/2018,,"26,99","-1,73",,,,
ARS,21/06/2018,,"27,47","-0,92",,,,
ARS,20/06/2018,,"27,72","0,00",,,,
ARS,19/06/2018,,"27,72","0,55",,,,
ARS,18/06/2018,,"27,57","-1,70",,,,
ARS,15/06/2018,,"28,05","1,26",,,,
ARS,14/06/2018,,"27,70","6,54",,,,
ARS,13/06/2018,,"26,00","1,08",,,,
ARS,12/06/2018,,"25,72","-1,11",,,,
ARS,11/06/2018,,"26,01","2,85",,,,
ARS,08/06/2018,,"25,29","1,24",,,,
ARS,07/06/2018,,"24,98","0,34",,,,
ARS,06/06/2018,,"24,90","-0,10",,,,
ARS,05/06/2018,,"24,92","-0,08",,,,
ARS,04/06/2018,,"24,94","-0,04",,,,
ARS,01/06/2018,,"24,95","-0,01",,,,
ARS,31/05/2018,,"24,94","0,08",,,,
ARS,30/05/2018,,"24,92","0,34",,,,
ARS,29/05/2018,,"24,84","0,47",,,,
ARS,28/05/2018,,"24,72","0,57",,,,
ARS,25/05/2018,,"24,58","0,10",,,,
ARS,24/05/2018,,"24,56","0,43",,,,
ARS,17/05/2018,,"24,34","0,40",,,,
ARS,16/05/2018,,"24,24","0,93",,,,
ARS,15/05/2018,,"24,02","-3,72",,,,
ARS,14/05/2018,,"24,95","8,47",,,,
ARS,11/05/2018,,"23,00","1,37",,,,
ARS,10/05/2018,,"22,69","0,11",,,,
ARS,09/05/2018,,"22,66","1,40",,,,
ARS,08/05/2018,,"22,35","0,00",,,,
ARS,07/05/2018,,"21,92","0,42",,,,
ARS,04/05/2018,,"21,82","-1,91",,,,
ARS,03/05/2018,,"22,25","5,16",,,,
ARS,02/05/2018,,"21,16","3,15",,,,
ARS,01/05/2018,,"20,51","0,00",,,,
ARS,30/04/2018,,"20,51","0,00",,,,
ARS,27/04/2018,,"20,51","-0,08",,,,
ARS,26/04/2018,,"20,53","1,47",,,,
ARS,25/04/2018,,"20,23","-0,11",,,,
ARS,24/04/2018,,"20,26","0,10",,,,
ARS,23/04/2018,,"20,23","-0,02",,,,
ARS,20/04/2018,,"20,17","0,17",,,,
ARS,19/04/2018,,"20,14","0,17",,,,
ARS,18/04/2018,,"20,10","-0,24",,,,
ARS,17/04/2018,,"20,15","0,00",,,,
ARS,16/04/2018,,"20,22","0,13",,,,
ARS,13/04/2018,,"20,19","0,04",,,,
ARS,12/04/2018,,"20,18","0,19",,,,
ARS,11/04/2018,,"20,14","0,06",,,,
ARS,10/04/2018,,"20,13","-0,27",,,,
ARS,09/04/2018,,"20,19","0,15",,,,
ARS,06/04/2018,,"20,16","-0,09",,,,
ARS,05/04/2018,,"20,17","-0,03",,,,
ARS,04/04/2018,,"20,15","0,01",,,,
ARS,03/04/2018,,"20,15","0,00",,,,
ARS,02/04/2018,,"20,11","0,00",,,,
ARS,30/03/2018,,"20,11","0,00",,,,
ARS,29/03/2018,,"20,11","-0,15",,,,
ARS,28/03/2018,,"20,14","0,02",,,,
ARS,27/03/2018,,"20,14","-0,12",,,,
ARS,26/03/2018,,"20,16","-0,01",,,,
ARS,23/03/2018,,"20,16","-0,19",,,,
ARS,22/03/2018,,"20,20","-0,29",,,,
ARS,21/03/2018,,"20,26","0,15",,,,
ARS,20/03/2018,,"20,23","0,19",,,,
ARS,19/03/2018,,"20,19","0,00",,,,
ARS,16/03/2018,,"20,16","-0,74",,,,
ARS,15/03/2018,,"20,31","0,50",,,,
ARS,14/03/2018,,"20,21","0,11",,,,
ARS,13/03/2018,,"20,19","-0,01",,,,
ARS,12/03/2018,,"20,17","-0,08",,,,
ARS,09/03/2018,,"20,22","0,00",,,,
ARS,08/03/2018,,"20,33","-0,20",,,,
ARS,07/03/2018,,"20,37","0,37",,,,
ARS,06/03/2018,,"20,29","-0,02",,,,
ARS,05/03/2018,,"20,18","-0,32",,,,
ARS,02/03/2018,,"20,25","0,59",,,,
ARS,01/03/2018,,"20,13","0,10",,,,
ARS,28/02/2018,,"20,11","-0,45",,,,
ARS,27/02/2018,,"20,20","0,00",,,,
ARS,26/02/2018,,"20,15","-0,10",,,,
ARS,23/02/2018,,"19,95","0,11",,,,
ARS,22/02/2018,,"19,93","0,21",,,,
ARS,21/02/2018,,"19,89","0,25",,,,
ARS,20/02/2018,,"19,84","0,01",,,,
ARS,19/02/2018,,"19,89","0,66",,,,
ARS,16/02/2018,,"19,76","0,56",,,,
ARS,15/02/2018,,"19,65","-1,18",,,,
ARS,14/02/2018,,"19,88","-0,45",,,,
ARS,13/02/2018,,"19,98","0,03",,,,
ARS,12/02/2018,,"19,97","-0,03",,,,
ARS,09/02/2018,,"19,98","0,03",,,,
ARS,08/02/2018,,"19,95","-0,10",,,,
ARS,07/02/2018,,"19,66","0,57",,,,
ARS,06/02/2018,,"19,55","0,00",,,,
ARS,05/02/2018,,"19,44","-0,04",,,,
ARS,02/02/2018,,"19,45","0,52",,,,
ARS,01/02/2018,,"19,34","-0,04",,,,
ARS,31/01/2018,,"19,63","0,12",,,,
ARS,30/01/2018,,"19,61","0,24",,,,
ARS,29/01/2018,,"19,56","0,07",,,,
ARS,26/01/2018,,"19,55","0,02",,,,
ARS,25/01/2018,,"19,55","0,00",,,,
ARS,24/01/2018,,"19,64","1,68",,,,
ARS,23/01/2018,,"19,32","1,01",,,,
ARS,22/01/2018,,"19,12","0,82",,,,
ARS,19/01/2018,,"18,97","0,51",,,,
ARS,18/01/2018,,"18,87","0,20",,,,
ARS,17/01/2018,,"18,83","-0,19",,,,
ARS,16/01/2018,,"18,87","0,74",,,,
ARS,15/01/2018,,"18,73","0,36",,,,
ARS,12/01/2018,,"18,66","-0,01",,,,
ARS,11/01/2018,,"18,68","0,37",,,,
ARS,10/01/2018,,"18,61","-1,68",,,,
ARS,09/01/2018,,"18,93","-0,47",,,,
ARS,08/01/2018,,"19,02","0,85",,,,
ARS,05/01/2018,,"18,86","0,00",,,,
ARS,04/01/2018,,"18,61","0,92",,,,
ARS,03/01/2018,,"18,45","0,05",,,,
ARS,02/01/2018,,"18,38","-1,17",,,,
ARS,29/12/2017,,"18,59","-2,95",,,,
ARS,28/12/2017,,"19,16","3,96",,,,
ARS,27/12/2017,,"18,43","0,00",,,,
ARS,26/12/2017,,"18,31","1,50",,,,
ARS,22/12/2017,,"18,04","0,69",,,,
ARS,21/12/2017,,"17,92","1,05",,,,
ARS,20/12/2017,,"17,73","0,02",,,,
ARS,19/12/2017,,"17,60","0,31",,,,
ARS,18/12/2017,,"17,55","0,33",,,,
ARS,15/12/2017,,"17,49","0,43",,,,
ARS,14/12/2017,,"17,41","0,79",,,,
ARS,13/12/2017,,"17,28","-0,28",,,,
ARS,12/12/2017,,"17,33","0,56",,,,
ARS,11/12/2017,,"17,23","-0,17",,,,
ARS,08/12/2017,,"17,26","0,01",,,,
ARS,07/12/2017,,"17,26","0,15",,,,
ARS,06/12/2017,,"17,23","-0,27",,,,
ARS,05/12/2017,,"17,28","-0,25",,,,
ARS,04/12/2017,,"17,32","0,70",,,,
ARS,01/12/2017,,"17,20","-0,56",,,,
ARS,30/11/2017,,"17,30","-0,61",,,,
ARS,29/11/2017,,"17,41","0,36",,,,
ARS,28/11/2017,,"17,34","0,00",,,,
ARS,27/11/2017,,"17,30","-0,22",,,,
ARS,24/11/2017,,"17,33","-0,27",,,,
ARS,23/11/2017,,"17,38","-0,16",,,,
ARS,22/11/2017,,"17,41","0,02",,,,
ARS,21/11/2017,,"17,48","0,11",,,,
ARS,20/11/2017,,"17,46","0,00",,,,
ARS,17/11/2017,,"17,46","-0,02",,,,
ARS,16/11/2017,,"17,46","-0,03",,,,
ARS,15/11/2017,,"17,50","0,23",,,,
ARS,14/11/2017,,"17,46","-0,17",,,,
ARS,13/11/2017,,"17,48","-0,05",,,,
ARS,10/11/2017,,"17,48","-0,04",,,,
ARS,09/11/2017,,"17,49","-0,16",,,,
ARS,08/11/2017,,"17,51","-0,03",,,,
ARS,07/11/2017,,"17,64","0,07",,,,
ARS,06/11/2017,,"17,62","-0,05",,,,
ARS,03/11/2017,,"17,63","0,74",,,,
ARS,02/11/2017,,"17,50","-0,57",,,,
ARS,01/11/2017,,"17,59","-0,07",,,,
ARS,31/10/2017,,"17,63","-0,34",,,,
ARS,30/10/2017,,"17,69","0,60",,,,
ARS,27/10/2017,,"17,58","-0,37",,,,
ARS,26/10/2017,,"17,65","1,04",,,,
ARS,25/10/2017,,"17,47","-0,15",,,,
ARS,24/10/2017,,"17,50","0,49",,,,
ARS,23/10/2017,,"17,41","0,00",,,,
ARS,20/10/2017,,"17,41","-0,17",,,,
ARS,19/10/2017,,"17,44","0,63",,,,
ARS,18/10/2017,,"17,33","0,00",,,,
ARS,17/10/2017,,"17,33","0,06",,,,
ARS,16/10/2017,,"17,32","-0,06",,,,
ARS,13/10/2017,,"17,33","-0,39",,,,
ARS,12/10/2017,,"17,40","-0,01",,,,
ARS,11/10/2017,,"17,40","0,01",,,,
ARS,10/10/2017,,"17,40","-0,01",,,,
ARS,09/10/2017,,"17,45","0,18",,,,
ARS,06/10/2017,,"17,42","0,16",,,,
ARS,05/10/2017,,"17,39","0,30",,,,
ARS,04/10/2017,,"17,34","-0,31",,,,
ARS,03/10/2017,,"17,39","0,13",,,,
ARS,02/10/2017,,"17,37","0,47",,,,
ARS,29/09/2017,,"17,29","-1,35",,,,
ARS,28/09/2017,,"17,52","-0,14",,,,
ARS,27/09/2017,,"17,55","0,01",,,,
ARS,26/09/2017,,"17,55","0,45",,,,
ARS,25/09/2017,,"17,47","1,04",,,,
ARS,22/09/2017,,"17,29","-0,02",,,,
ARS,21/09/2017,,"17,26","-0,03",,,,
ARS,20/09/2017,,"17,17","-0,12",,,,
ARS,19/09/2017,,"17,11","0,05",,,,
ARS,18/09/2017,,"17,08","0,66",,,,
ARS,15/09/2017,,"16,97","-0,02",,,,
ARS,14/09/2017,,"16,97","-0,51",,,,
ARS,13/09/2017,,"17,06","0,04",,,,
ARS,12/09/2017,,"17,05","-0,04",,,,
ARS,11/09/2017,,"17,13","-0,30",,,,
ARS,08/09/2017,,"17,18","-0,05",,,,
ARS,07/09/2017,,"17,19","-0,05",,,,
ARS,06/09/2017,,"17,20","-0,16",,,,
ARS,05/09/2017,,"17,23","-0,02",,,,
ARS,04/09/2017,,"17,23","0,17",,,,
ARS,01/09/2017,,"17,20","-0,69",,,,
ARS,31/08/2017,,"17,32","-0,40",,,,
ARS,30/08/2017,,"17,39","0,13",,,,
ARS,29/08/2017,,"17,37","0,01",,,,
ARS,28/08/2017,,"17,22","0,19",,,,
ARS,25/08/2017,,"17,19","0,12",,,,
ARS,24/08/2017,,"17,17","-0,23",,,,
ARS,23/08/2017,,"17,21","-0,02",,,,
ARS,22/08/2017,,"17,19","-0,45",,,,
ARS,21/08/2017,,"17,27","-0,20",,,,
ARS,18/08/2017,,"17,30","-0,10",,,,
ARS,17/08/2017,,"17,32","0,79",,,,
ARS,16/08/2017,,"17,18","0,73",,,,
ARS,15/08/2017,,"17,06","-0,30",,,,
ARS,14/08/2017,,"17,11","0,00",,,,
ARS,11/08/2017,,"17,70","0,03",,,,
ARS,10/08/2017,,"17,70","0,12",,,,
ARS,09/08/2017,,"17,68","-0,10",,,,
ARS,08/08/2017,,"17,70","0,11",,,,
ARS,07/08/2017,,"17,68","0,19",,,,
ARS,06/08/2017,,"17,66","0,09",,,,
ARS,04/08/2017,,"17,64","0,00",,,,
ARS,03/08/2017,,"17,64","0,46",,,,
ARS,02/08/2017,,"17,56","-0,02",,,,
ARS,01/08/2017,,"17,56","-0,46",,,,
ARS,31/07/2017,,"17,64","-0,88",,,,
ARS,28/07/2017,,"17,80","0,95",,,,
ARS,27/07/2017,,"17,63","0,82",,,,
ARS,26/07/2017,,"17,49","0,19",,,,
ARS,25/07/2017,,"17,45","0,17",,,,
ARS,24/07/2017,,"17,42","-0,01",,,,
ARS,21/07/2017,,"17,40","1,26",,,,
ARS,20/07/2017,,"17,18","0,34",,,,
ARS,19/07/2017,,"17,12","0,33",,,,
ARS,18/07/2017,,"17,07","0,98",,,,
ARS,17/07/2017,,"16,90","-0,01",,,,
ARS,14/07/2017,,"16,83","-0,72",,,,
ARS,13/07/2017,,"16,93","-0,10",,,,
ARS,12/07/2017,,"16,92","-0,35",,,,
ARS,11/07/2017,,"16,98","0,00",,,,
ARS,10/07/2017,,"16,97","0,15",,,,
ARS,07/07/2017,,"16,95","-0,71",,,,
ARS,06/07/2017,,"17,07","-0,37",,,,
ARS,05/07/2017,,"17,13","1,49",,,,
ARS,04/07/2017,,"16,88","0,48",,,,
ARS,03/07/2017,,"16,80","1,17",,,,
ARS,30/06/2017,,"16,61","0,79",,,,
ARS,29/06/2017,,"16,48","0,54",,,,
ARS,28/06/2017,,"16,39","0,07",,,,
ARS,27/06/2017,,"16,38","0,53",,,,
ARS,26/06/2017,,"16,29","0,77",,,,
ARS,23/06/2017,,"16,16","0,22",,,,
ARS,22/06/2017,,"16,13","0,00",,,,
ARS,21/06/2017,,"16,21","0,00",,,,
ARS,20/06/2017,,"16,12","0,00",,,,
ARS,19/06/2017,,"16,12","0,64",,,,
ARS,16/06/2017,,"16,02","0,43",,,,
ARS,15/06/2017,,"15,95","0,50",,,,
ARS,14/06/2017,,"15,87","0,04",,,,
ARS,13/06/2017,,"15,86","-0,04",,,,
ARS,12/06/2017,,"15,90","-0,04",,,,
ARS,09/06/2017,,"15,91","-0,02",,,,
ARS,08/06/2017,,"15,91","-0,38",,,,
ARS,07/06/2017,,"15,97","-0,22",,,,
ARS,06/06/2017,,"16,01","0,20",,,,
ARS,05/06/2017,,"15,98","-0,16",,,,
ARS,02/06/2017,,"16,00","-0,20",,,,
ARS,01/06/2017,,"16,04","-0,26",,,,
ARS,31/05/2017,,"16,08","0,00",,,,
ARS,30/05/2017,,"16,14","0,00",,,,
ARS,29/05/2017,,"15,95","-0,32",,,,
ARS,26/05/2017,,"16,00","-0,41",,,,
ARS,25/05/2017,,"16,07","0,00",,,,
ARS,24/05/2017,,"16,07","-0,06",,,,
ARS,23/05/2017,,"16,08","0,02",,,,
ARS,22/05/2017,,"16,18","0,09",,,,
ARS,19/05/2017,,"15,99","0,03",,,,
ARS,18/05/2017,,"15,99","2,43",,,,
ARS,17/05/2017,,"15,59","-0,14",,,,
ARS,16/05/2017,,"15,56","0,20",,,,
ARS,15/05/2017,,"15,53","0,63",,,,
ARS,12/05/2017,,"15,43","-0,06",,,,
ARS,11/05/2017,,"15,44","-0,39",,,,
ARS,10/05/2017,,"15,50","0,00",,,,
ARS,09/05/2017,,"15,50","0,27",,,,
ARS,08/05/2017,,"15,46","0,72",,,,
ARS,07/05/2017,,"15,36","0,10",,,,
ARS,05/05/2017,,"15,35","0,26",,,,
ARS,04/05/2017,,"15,31","0,29",,,,
ARS,03/05/2017,,"15,27","0,00",,,,
ARS,02/05/2017,,"15,28","-0,65",,,,
ARS,01/05/2017,,"15,38","0,03",,,,
ARS,28/04/2017,,"15,38","-0,16",,,,
ARS,27/04/2017,,"15,40","-0,48",,,,
ARS,26/04/2017,,"15,48","0,39",,,,
ARS,25/04/2017,,"15,41","-0,03",,,,
ARS,24/04/2017,,"15,37","-0,62",,,,
ARS,21/04/2017,,"15,47","0,61",,,,
ARS,20/04/2017,,"15,38","0,00",,,,
ARS,19/04/2017,,"15,38","0,03",,,,
ARS,18/04/2017,,"15,27","0,57",,,,
ARS,17/04/2017,,"15,18","0,26",,,,
ARS,14/04/2017,,"15,14","-0,04",,,,
ARS,13/04/2017,,"15,15","-0,09",,,,
ARS,12/04/2017,,"15,16","-0,52",,,,
ARS,11/04/2017,,"15,24","0,26",,,,
ARS,10/04/2017,,"15,20","-0,80",,,,
ARS,07/04/2017,,"15,32","-0,47",,,,
ARS,06/04/2017,,"15,40","0,03",,,,
ARS,05/04/2017,,"15,39","0,29",,,,
ARS,04/04/2017,,"15,34","-0,19",,,,
ARS,03/04/2017,,"15,37","0,05",,,,
ARS,31/03/2017,,"15,37","-0,12",,,,
ARS,30/03/2017,,"15,38","-0,18",,,,
ARS,29/03/2017,,"15,41","-0,01",,,,
ARS,28/03/2017,,"15,53","-0,21",,,,
ARS,27/03/2017,,"15,56","-0,16",,,,
ARS,24/03/2017,,"15,59","0,06",,,,
ARS,23/03/2017,,"15,58","-0,25",,,,
ARS,22/03/2017,,"15,62","0,19",,,,
ARS,21/03/2017,,"15,62","0,19",,,,
ARS,20/03/2017,,"15,61","0,41",,,,
ARS,17/03/2017,,"15,55","0,18",,,,
ARS,16/03/2017,,"15,52","-0,21",,,,
ARS,15/03/2017,,"15,55","-0,03",,,,
ARS,14/03/2017,,"15,54","0,03",,,,
ARS,13/03/2017,,"15,51","-0,03",,,,
ARS,10/03/2017,,"15,46","-0,41",,,,
ARS,06/03/2017,,"15,46","0,17",,,,
ARS,03/03/2017,,"15,43","0,19",,,,
ARS,02/03/2017,,"15,40","0,00",,,,
ARS,01/03/2017,,"15,40","-0,45",,,,
ARS,28/02/2017,,"15,47","0,00",,,,
ARS,27/02/2017,,"15,47","0,00",,,,
ARS,24/02/2017,,"15,47","-0,19",,,,
ARS,23/02/2017,,"15,50","-0,37",,,,
ARS,22/02/2017,,"15,56","0,01",,,,
ARS,21/02/2017,,"15,57","-0,10",,,,
ARS,20/02/2017,,"15,65","0,00",,,,
ARS,17/02/2017,,"15,65","1,49",,,,
ARS,16/02/2017,,"15,42","0,46",,,,
ARS,15/02/2017,,"15,35","-0,67",,,,
ARS,14/02/2017,,"15,45","-0,09",,,,
ARS,13/02/2017,,"15,47","0,02",,,,
ARS,10/02/2017,,"15,51","-0,82",,,,
ARS,09/02/2017,,"15,64","-0,10",,,,
ARS,08/02/2017,,"15,65","-0,03",,,,
ARS,07/02/2017,,"15,66","-0,57",,,,
ARS,06/02/2017,,"15,77","0,12",,,,
ARS,03/02/2017,,"15,61","-0,38",,,,
ARS,02/02/2017,,"15,67","0,00",,,,
ARS,01/02/2017,,"15,79","0,00",,,,
ARS,31/01/2017,,"15,90","0,13",,,,
ARS,30/01/2017,,"15,90","0,15",,,,
ARS,27/01/2017,,"15,88","-0,33",,,,
ARS,26/01/2017,,"15,93","-0,11",,,,
ARS,25/01/2017,,"15,95","0,22",,,,
ARS,24/01/2017,,"15,91","-0,03",,,,
ARS,23/01/2017,,"15,92","0,14",,,,
ARS,20/01/2017,,"15,90","0,00",,,,
ARS,19/01/2017,,"15,90","-0,36",,,,
ARS,18/01/2017,,"15,96","0,02",,,,
ARS,17/01/2017,,"15,88","0,00",,,,
ARS,16/01/2017,,"15,85","0,06",,,,
ARS,13/01/2017,,"15,84","0,22",,,,
ARS,12/01/2017,,"15,81","-0,16",,,,
ARS,11/01/2017,,"15,83","-0,01",,,,
ARS,10/01/2017,,"15,83","-0,01",,,,
ARS,09/01/2017,,"15,87","0,50",,,,
ARS,06/01/2017,,"15,79","-0,97",,,,
ARS,05/01/2017,,"15,94","-0,73",,,,
ARS,04/01/2017,,"16,06","0,79",,,,
ARS,03/01/2017,,"15,94","0,00",,,,
ARS,02/01/2017,,"15,94","0,51",,,,
ARS,30/12/2016,,"15,85","-0,30",,,,
ARS,29/12/2016,,"15,90","1,29",,,,
ARS,28/12/2016,,"15,70","1,09",,,,
ARS,27/12/2016,,"15,53","-0,16",,,,
ARS,26/12/2016,,"15,56","0,48",,,,
ARS,23/12/2016,,"15,48","-1,46",,,,
ARS,22/12/2016,,"15,71","-0,44",,,,
ARS,21/12/2016,,"15,78","-0,47",,,,
ARS,20/12/2016,,"15,85","0,00",,,,
ARS,19/12/2016,,"15,85","0,00",,,,
ARS,16/12/2016,,"15,85","-0,60",,,,
ARS,15/12/2016,,"15,95","-0,06",,,,
ARS,14/12/2016,,"15,96","-0,03",,,,
ARS,13/12/2016,,"15,96","-0,34",,,,
ARS,12/12/2016,,"16,02","0,25",,,,
ARS,09/12/2016,,"15,98","-0,06",,,,
ARS,08/12/2016,,"15,99","-0,03",,,,
ARS,07/12/2016,,"16,00","0,53",,,,
ARS,06/12/2016,,"15,91","0,00",,,,
ARS,05/12/2016,,"15,85","-0,03",,,,
ARS,02/12/2016,,"15,92","0,76",,,,
ARS,01/12/2016,,"15,80","-0,33",,,,
ARS,30/11/2016,,"15,85","1,14",,,,
ARS,29/11/2016,,"15,67","1,18",,,,
ARS,28/11/2016,,"15,49","-0,32",,,,
BRL,28/11/2019,,"4,19","-0,02",,,,
BRL,27/11/2019,,"4,26","0,01",,,,
BRL,26/11/2019,,"4,23","0,15",,,,
BRL,25/11/2019,,"4,23","0,00",,,,
BRL,22/11/2019,,"4,20","0,00",,,,
BRL,21/11/2019,,"4,19","-0,06",,,,
BRL,20/11/2019,,"4,20","0,03",,,,
BRL,19/11/2019,,"4,19","-0,02",,,,
BRL,18/11/2019,,"4,22","0,52",,,,
BRL,15/11/2019,,"4,20","0,02",,,,
BRL,14/11/2019,,"4,20","0,02",,,,
BRL,13/11/2019,,"4,17","-0,01",,,,
BRL,12/11/2019,,"4,17","0,04",,,,
BRL,11/11/2019,,"4,15","0,03",,,,
BRL,08/11/2019,,"4,16","0,01",,,,
BRL,07/11/2019,,"4,10","0,42",,,,
BRL,06/11/2019,,"4,08","2,25",,,,
BRL,05/11/2019,,"3,99","0,00",,,,
BRL,04/11/2019,,"4,01","-0,07",,,,
BRL,03/11/2019,,"3,99","-0,04",,,,
BRL,01/11/2019,,"3,99","-0,01",,,,
BRL,31/10/2019,,"4,02","0,00",,,,
BRL,30/10/2019,,"3,99","-0,05",,,,
BRL,29/10/2019,,"4,00","0,00",,,,
BRL,28/10/2019,,"3,99","0,00",,,,
BRL,27/10/2019,,"4,00","-0,03",,,,
BRL,25/10/2019,,"4,00","0,03",,,,
BRL,24/10/2019,,"4,04","0,00",,,,
BRL,23/10/2019,,"4,03","-1,18",,,,
BRL,22/10/2019,,"4,08","-0,05",,,,
BRL,21/10/2019,,"4,13","0,00",,,,
BRL,20/10/2019,,"4,11","0,00",,,,
BRL,18/10/2019,,"4,11","0,05",,,,
BRL,17/10/2019,,"4,16","-0,01",,,,
BRL,16/10/2019,,"4,15","-0,01",,,,
BRL,15/10/2019,,"4,18","-0,02",,,,
BRL,14/10/2019,,"4,13","-0,01",,,,
BRL,11/10/2019,,"4,11","-0,08",,,,
BRL,10/10/2019,,"4,11","0,03",,,,
BRL,09/10/2019,,"4,11","0,01",,,,
BRL,08/10/2019,,"4,09","0,01",,,,
BRL,07/10/2019,,"4,11","-0,01",,,,
BRL,04/10/2019,,"4,06","0,02",,,,
BRL,03/10/2019,,"4,08","0,03",,,,
BRL,02/10/2019,,"4,13","-0,01",,,,
BRL,01/10/2019,,"4,16","-0,01",,,,
BRL,30/09/2019,,"4,16","-0,12",,,,
BRL,27/09/2019,,"4,16","-0,26",,,,
BRL,26/09/2019,,"4,17","0,00",,,,
BRL,25/09/2019,,"4,15","0,02",,,,
BRL,24/09/2019,,"4,16","-0,04",,,,
BRL,23/09/2019,,"4,16","0,00",,,,
BRL,20/09/2019,,"4,15","-0,48",,,,
BRL,19/09/2019,,"4,17","1,38",,,,
BRL,18/09/2019,,"4,11","-0,01",,,,
BRL,17/09/2019,,"4,08","0,00",,,,
BRL,16/09/2019,,"4,08","-0,10",,,,
BRL,13/09/2019,,"4,08","0,59",,,,
BRL,12/09/2019,,"4,06","-0,01",,,,
BRL,11/09/2019,,"4,07","0,01",,,,
BRL,10/09/2019,,"4,08","0,02",,,,
BRL,09/09/2019,,"4,09","0,00",,,,
BRL,06/09/2019,,"4,06","0,05",,,,
BRL,05/09/2019,,"4,11","-0,01",,,,
BRL,04/09/2019,,"4,09","0,00",,,,
BRL,03/09/2019,,"4,17","-0,03",,,,
BRL,02/09/2019,,"4,19","0,00",,,,
BRL,30/08/2019,,"4,14","-0,58",,,,
BRL,29/08/2019,,"4,17","0,01",,,,
BRL,28/08/2019,,"4,17","0,03",,,,
BRL,27/08/2019,,"4,13","-0,09",,,,
BRL,26/08/2019,,"4,15","-0,05",,,,
BRL,23/08/2019,,"4,12","1,21",,,,
BRL,22/08/2019,,"4,07","-0,03",,,,
BRL,21/08/2019,,"4,03","-0,01",,,,
BRL,20/08/2019,,"4,05","0,00",,,,
BRL,19/08/2019,,"4,07","0,02",,,,
BRL,18/08/2019,,"4,00","-0,08",,,,
BRL,16/08/2019,,"4,01","0,37",,,,
BRL,15/08/2019,,"3,99","0,01",,,,
BRL,14/08/2019,,"4,05","-0,02",,,,
BRL,13/08/2019,,"3,96","-0,52",,,,
BRL,12/08/2019,,"3,98","-0,01",,,,
BRL,11/08/2019,,"3,94","-0,04",,,,
BRL,09/08/2019,,"3,94","-0,01",,,,
BRL,08/08/2019,,"3,92","0,01",,,,
BRL,07/08/2019,,"3,97","0,01",,,,
BRL,06/08/2019,,"3,96","-0,01",,,,
BRL,05/08/2019,,"3,97","-0,08",,,,
BRL,02/08/2019,,"3,89","-0,08",,,,
BRL,01/08/2019,,"3,84","0,00",,,,
BRL,31/07/2019,,"3,81","0,01",,,,
BRL,30/07/2019,,"3,79","0,03",,,,
BRL,29/07/2019,,"3,78","0,00",,,,
BRL,26/07/2019,,"3,77","-0,01",,,,
BRL,25/07/2019,,"3,78","0,00",,,,
BRL,24/07/2019,,"3,77","0,00",,,,
BRL,23/07/2019,,"3,77","0,89",,,,
BRL,22/07/2019,,"3,74","0,02",,,,
BRL,19/07/2019,,"3,75","-0,03",,,,
BRL,18/07/2019,,"3,72","0,00",,,,
BRL,17/07/2019,,"3,76","0,00",,,,
BRL,16/07/2019,,"3,77","0,01",,,,
BRL,15/07/2019,,"3,76","-0,01",,,,
BRL,14/07/2019,,"3,74","0,12",,,,
BRL,12/07/2019,,"3,74","0,00",,,,
BRL,11/07/2019,,"3,76","0,06",,,,
BRL,10/07/2019,,"3,75","-0,01",,,,
BRL,09/07/2019,,"3,80","-0,17",,,,
BRL,08/07/2019,,"3,80","-0,10",,,,
BRL,05/07/2019,,"3,82","0,54",,,,
BRL,04/07/2019,,"3,80","0,03",,,,
BRL,03/07/2019,,"3,83","-0,49",,,,
BRL,02/07/2019,,"3,84","0,12",,,,
BRL,01/07/2019,,"3,84","-0,30",,,,
BRL,28/06/2019,,"3,85","0,85",,,,
BRL,27/06/2019,,"3,82","-0,01",,,,
BRL,26/06/2019,,"3,84","-0,12",,,,
BRL,25/06/2019,,"3,85","-0,03",,,,
BRL,24/06/2019,,"3,83","0,04",,,,
BRL,21/06/2019,,"3,82","-0,51",,,,
BRL,20/06/2019,,"3,84","-0,01",,,,
BRL,19/06/2019,,"3,84","-0,01",,,,
BRL,18/06/2019,,"3,86","0,04",,,,
BRL,17/06/2019,,"3,89","0,01",,,,
BRL,16/06/2019,,"3,90","0,01",,,,
BRL,14/06/2019,,"3,90","0,01",,,,
BRL,13/06/2019,,"3,85","0,02",,,,
BRL,12/06/2019,,"3,87","0,01",,,,
BRL,11/06/2019,,"3,86","-0,02",,,,
BRL,10/06/2019,,"3,89","-0,04",,,,
BRL,07/06/2019,,"3,88","0,00",,,,
BRL,06/06/2019,,"3,88","0,01",,,,
BRL,05/06/2019,,"3,88","0,00",,,,
BRL,04/06/2019,,"3,85","0,02",,,,
BRL,03/06/2019,,"3,89","0,00",,,,
BRL,02/06/2019,,"3,92","0,02",,,,
BRL,31/05/2019,,"3,93","0,10",,,,
BRL,30/05/2019,,"3,98","0,19",,,,
BRL,29/05/2019,,"3,97","0,00",,,,
BRL,28/05/2019,,"4,02","0,01",,,,
BRL,27/05/2019,,"4,04","0,04",,,,
BRL,24/05/2019,,"4,02","-0,45",,,,
BRL,23/05/2019,,"4,04","0,06",,,,
BRL,22/05/2019,,"4,04","0,01",,,,
BRL,21/05/2019,,"4,04","0,01",,,,
BRL,20/05/2019,,"4,10","0,00",,,,
BRL,19/05/2019,,"4,10","0,03",,,,
BRL,17/05/2019,,"4,10","1,31",,,,
BRL,16/05/2019,,"4,05","1,14",,,,
BRL,15/05/2019,,"4,00","0,67",,,,
BRL,14/05/2019,,"3,98","0,05",,,,
BRL,13/05/2019,,"3,99","0,01",,,,
BRL,10/05/2019,,"3,96","0,28",,,,
BRL,09/05/2019,,"3,95","0,02",,,,
BRL,08/05/2019,,"3,93","-1,06",,,,
BRL,07/05/2019,,"3,97","0,00",,,,
BRL,06/05/2019,,"3,97","0,77",,,,
BRL,05/05/2019,,"3,94","-0,01",,,,
BRL,03/05/2019,,"3,94","0,01",,,,
BRL,02/05/2019,,"3,97","0,06",,,,
BRL,01/05/2019,,"3,92","-0,03",,,,
BRL,30/04/2019,,"3,92","-0,08",,,,
BRL,29/04/2019,,"3,94","0,39",,,,
BRL,26/04/2019,,"3,93","0,01",,,,
BRL,25/04/2019,,"3,95","-0,98",,,,
BRL,24/04/2019,,"3,99","-0,03",,,,
BRL,23/04/2019,,"3,92","0,00",,,,
BRL,22/04/2019,,"3,94","-0,02",,,,
BRL,19/04/2019,,"3,93","0,00",,,,
BRL,18/04/2019,,"3,93","-0,28",,,,
BRL,17/04/2019,,"3,94","0,88",,,,
BRL,16/04/2019,,"3,90","0,03",,,,
BRL,15/04/2019,,"3,87","0,00",,,,
BRL,14/04/2019,,"3,88","0,00",,,,
BRL,12/04/2019,,"3,88","0,63",,,,
BRL,11/04/2019,,"3,86","0,00",,,,
BRL,10/04/2019,,"3,83","0,01",,,,
BRL,09/04/2019,,"3,85","-0,01",,,,
BRL,08/04/2019,,"3,85","-0,01",,,,
BRL,05/04/2019,,"3,87","-0,02",,,,
BRL,04/04/2019,,"3,86","-0,01",,,,
BRL,03/04/2019,,"3,87","0,01",,,,
BRL,02/04/2019,,"3,85","0,02",,,,
BRL,01/04/2019,,"3,85","0,03",,,,
BRL,29/03/2019,,"3,92","0,60",,,,
BRL,28/03/2019,,"3,90","0,02",,,,
BRL,27/03/2019,,"3,99","-0,03",,,,
BRL,26/03/2019,,"3,88","0,00",,,,
BRL,25/03/2019,,"3,86","0,04",,,,
BRL,22/03/2019,,"3,91","0,02",,,,
BRL,21/03/2019,,"3,79","0,44",,,,
BRL,20/03/2019,,"3,78","-0,01",,,,
BRL,19/03/2019,,"3,79","-0,07",,,,
BRL,18/03/2019,,"3,79","0,01",,,,
BRL,17/03/2019,,"3,82","0,00",,,,
BRL,15/03/2019,,"3,81","-0,02",,,,
BRL,14/03/2019,,"3,84","-0,03",,,,
BRL,13/03/2019,,"3,81","0,00",,,,
BRL,12/03/2019,,"3,81","0,04",,,,
BRL,11/03/2019,,"3,84","-0,02",,,,
BRL,08/03/2019,,"3,87","0,01",,,,
BRL,07/03/2019,,"3,87","0,01",,,,
BRL,06/03/2019,,"3,84","0,01",,,,
BRL,05/03/2019,,"3,78","0,00",,,,
BRL,04/03/2019,,"3,78","0,00",,,,
BRL,03/03/2019,,"3,77","-0,03",,,,
BRL,01/03/2019,,"3,77","-0,02",,,,
BRL,28/02/2019,,"3,75","-0,01",,,,
BRL,27/02/2019,,"3,73","-0,54",,,,
BRL,26/02/2019,,"3,75","-0,09",,,,
BRL,25/02/2019,,"3,75","-0,01",,,,
BRL,24/02/2019,,"3,75","-0,04",,,,
BRL,22/02/2019,,"3,75","0,00",,,,
BRL,21/02/2019,,"3,77","-0,03",,,,
BRL,20/02/2019,,"3,73","-0,05",,,,
BRL,19/02/2019,,"3,72","0,03",,,,
BRL,18/02/2019,,"3,73","-0,05",,,,
BRL,15/02/2019,,"3,70","-0,60",,,,
BRL,14/02/2019,,"3,72","-0,83",,,,
BRL,13/02/2019,,"3,75","1,20",,,,
BRL,12/02/2019,,"3,71","-1,27",,,,
BRL,11/02/2019,,"3,76","0,77",,,,
BRL,10/02/2019,,"3,73","0,06",,,,
BRL,08/02/2019,,"3,73","0,33",,,,
BRL,07/02/2019,,"3,72","0,50",,,,
BRL,06/02/2019,,"3,70","0,78",,,,
BRL,05/02/2019,,"3,67","0,00",,,,
BRL,04/02/2019,,"3,67","0,25",,,,
BRL,01/02/2019,,"3,66","0,43",,,,
BRL,31/01/2019,,"3,65","0,04",,,,
BRL,30/01/2019,,"3,68","-0,95",,,,
BRL,29/01/2019,,"3,72","-1,10",,,,
BRL,28/01/2019,,"3,76","-0,21",,,,
BRL,25/01/2019,,"3,77","-0,06",,,,
BRL,24/01/2019,,"3,77","0,19",,,,
BRL,23/01/2019,,"3,76","-1,30",,,,
BRL,22/01/2019,,"3,81","1,62",,,,
BRL,21/01/2019,,"3,75","0,09",,,,
BRL,18/01/2019,,"3,75","0,00",,,,
BRL,17/01/2019,,"3,75","0,38",,,,
BRL,16/01/2019,,"3,74","0,52",,,,
BRL,15/01/2019,,"3,72","0,51",,,,
BRL,14/01/2019,,"3,70","-0,35",,,,
BRL,13/01/2019,,"3,71","0,00",,,,
BRL,11/01/2019,,"3,71","0,01",,,,
BRL,10/01/2019,,"3,71","0,81",,,,
BRL,09/01/2019,,"3,68","-0,88",,,,
BRL,08/01/2019,,"3,71","-0,59",,,,
BRL,07/01/2019,,"3,74","0,53",,,,
BRL,06/01/2019,,"3,71","-0,05",,,,
BRL,04/01/2019,,"3,72","-1,09",,,,
BRL,03/01/2019,,"3,76","-0,88",,,,
BRL,02/01/2019,,"3,79","-2,34",,,,
BRL,28/12/2018,,"3,88","0,19",,,,
BRL,27/12/2018,,"3,87","-1,24",,,,
BRL,26/12/2018,,"3,92","0,47",,,,
BRL,24/12/2018,,"3,90","-0,01",,,,
BRL,21/12/2018,,"3,90","1,61",,,,
BRL,20/12/2018,,"3,84","-1,43",,,,
BRL,19/12/2018,,"3,90","-0,38",,,,
BRL,18/12/2018,,"3,91","0,33",,,,
BRL,17/12/2018,,"3,90","-0,45",,,,
BRL,14/12/2018,,"3,92","0,67",,,,
BRL,13/12/2018,,"3,89","0,92",,,,
BRL,12/12/2018,,"3,86","-1,24",,,,
BRL,11/12/2018,,"3,90","-0,35",,,,
BRL,10/12/2018,,"3,92","0,27",,,,
BRL,07/12/2018,,"3,91","0,76",,,,
BRL,06/12/2018,,"3,88","0,25",,,,
BRL,05/12/2018,,"3,87","0,41",,,,
BRL,04/12/2018,,"3,85","0,30",,,,
BRL,03/12/2018,,"3,84","-0,66",,,,
BRL,02/12/2018,,"3,87","0,00",,,,
BRL,30/11/2018,,"3,87","0,38",,,,
BRL,29/11/2018,,"3,85","0,02",,,,
BRL,28/11/2018,,"3,85","-0,62",,,,
BRL,27/11/2018,,"3,88","-1,64",,,,
BRL,26/11/2018,,"3,94","2,92",,,,
BRL,23/11/2018,,"3,83","0,65",,,,
BRL,22/11/2018,,"3,80","0,15",,,,
BRL,21/11/2018,,"3,80","1,09",,,,
BRL,20/11/2018,,"3,76","0,02",,,,
BRL,19/11/2018,,"3,76","-0,01",,,,
BRL,16/11/2018,,"3,74","-1,07",,,,
BRL,15/11/2018,,"3,78","0,00",,,,
BRL,14/11/2018,,"3,78","-0,50",,,,
BRL,13/11/2018,,"3,80","0,95",,,,
BRL,12/11/2018,,"3,77","0,91",,,,
BRL,09/11/2018,,"3,73","-0,72",,,,
BRL,08/11/2018,,"3,76","0,77",,,,
BRL,07/11/2018,,"3,73","-0,79",,,,
BRL,06/11/2018,,"3,76","0,95",,,,
BRL,05/11/2018,,"3,73","0,80",,,,
BRL,02/11/2018,,"3,70","-0,09",,,,
BRL,01/11/2018,,"3,70","-0,09",,,,
BRL,31/10/2018,,"3,72","0,00",,,,
BRL,30/10/2018,,"3,70","-0,03",,,,
BRL,29/10/2018,,"3,72","-0,02",,,,
BRL,26/10/2018,,"3,64","0,01",,,,
BRL,25/10/2018,,"3,71","0,04",,,,
BRL,24/10/2018,,"3,73","1,09",,,,
BRL,23/10/2018,,"3,69","0,03",,,,
BRL,22/10/2018,,"3,68","0,00",,,,
BRL,19/10/2018,,"3,71","-0,20",,,,
BRL,18/10/2018,,"3,72","0,00",,,,
BRL,17/10/2018,,"3,69","-1,00",,,,
BRL,16/10/2018,,"3,73","0,02",,,,
BRL,15/10/2018,,"3,74","-0,01",,,,
BRL,12/10/2018,,"3,78","0,04",,,,
BRL,11/10/2018,,"3,78","0,71",,,,
BRL,10/10/2018,,"3,76","0,03",,,,
BRL,09/10/2018,,"3,72","-1,68",,,,
BRL,08/10/2018,,"3,78","-1,61",,,,
BRL,05/10/2018,,"3,84","-0,11",,,,
BRL,04/10/2018,,"3,88","0,02",,,,
BRL,03/10/2018,,"3,90","0,01",,,,
BRL,02/10/2018,,"3,94","-0,01",,,,
BRL,01/10/2018,,"4,02","0,00",,,,
BRL,28/09/2018,,"4,05","0,00",,,,
BRL,27/09/2018,,"4,01","0,02",,,,
BRL,26/09/2018,,"4,03","0,00",,,,
BRL,25/09/2018,,"4,08","-0,40",,,,
BRL,24/09/2018,,"4,09","0,00",,,,
BRL,21/09/2018,,"4,05","-0,03",,,,
BRL,20/09/2018,,"4,08","-1,30",,,,
BRL,19/09/2018,,"4,13","0,00",,,,
BRL,18/09/2018,,"4,16","0,68",,,,
BRL,17/09/2018,,"4,13","-1,01",,,,
BRL,14/09/2018,,"4,17","-0,78",,,,
BRL,13/09/2018,,"4,21","-0,01",,,,
BRL,12/09/2018,,"4,16","0,09",,,,
BRL,11/09/2018,,"4,15","-0,01",,,,
BRL,10/09/2018,,"4,09","0,00",,,,
BRL,06/09/2018,,"4,06","-2,10",,,,
BRL,05/09/2018,,"4,15","-0,34",,,,
BRL,04/09/2018,,"4,16","-0,09",,,,
BRL,03/09/2018,,"4,16","-0,04",,,,
BRL,31/08/2018,,"4,05","-2,28",,,,
BRL,30/08/2018,,"4,15","0,02",,,,
BRL,29/08/2018,,"4,11","-0,66",,,,
BRL,28/08/2018,,"4,13","1,39",,,,
BRL,27/08/2018,,"4,08","0,02",,,,
BRL,26/08/2018,,"4,11","0,10",,,,
BRL,24/08/2018,,"4,11","0,10",,,,
BRL,23/08/2018,,"4,11","0,00",,,,
BRL,22/08/2018,,"4,04","-0,13",,,,
BRL,21/08/2018,,"4,05","1,95",,,,
BRL,20/08/2018,,"3,97","-0,04",,,,
BRL,17/08/2018,,"3,91","0,04",,,,
BRL,16/08/2018,,"3,91","0,00",,,,
BRL,15/08/2018,,"3,90","-0,07",,,,
BRL,14/08/2018,,"3,87","0,00",,,,
BRL,13/08/2018,,"3,88","0,00",,,,
BRL,10/08/2018,,"3,86","-0,01",,,,
BRL,09/08/2018,,"3,80","0,01",,,,
BRL,08/08/2018,,"3,77","0,01",,,,
BRL,07/08/2018,,"3,75","0,04",,,,
BRL,06/08/2018,,"3,74","0,01",,,,
BRL,03/08/2018,,"3,71","-0,02",,,,
BRL,02/08/2018,,"3,75","0,01",,,,
BRL,01/08/2018,,"3,75","-0,01",,,,
BRL,31/07/2018,,"3,75","-0,04",,,,
BRL,30/07/2018,,"3,73","-0,03",,,,
BRL,29/07/2018,,"3,71","0,10",,,,
BRL,27/07/2018,,"3,71","-0,03",,,,
BRL,26/07/2018,,"3,75","0,00",,,,
BRL,25/07/2018,,"3,69","0,01",,,,
BRL,24/07/2018,,"3,75","0,01",,,,
BRL,23/07/2018,,"3,78","-0,01",,,,
BRL,20/07/2018,,"3,77","0,03",,,,
BRL,19/07/2018,,"3,83","0,02",,,,
BRL,18/07/2018,,"3,85","0,00",,,,
BRL,17/07/2018,,"3,84","0,01",,,,
BRL,16/07/2018,,"3,86","-0,01",,,,
BRL,13/07/2018,,"3,85","-0,04",,,,
BRL,12/07/2018,,"3,88","0,04",,,,
BRL,11/07/2018,,"3,88","0,03",,,,
BRL,10/07/2018,,"3,82","0,06",,,,
BRL,09/07/2018,,"3,87","0,23",,,,
BRL,06/07/2018,,"3,86","0,01",,,,
BRL,05/07/2018,,"3,93","0,00",,,,
BRL,04/07/2018,,"3,91","-0,02",,,,
BRL,03/07/2018,,"3,90","0,04",,,,
BRL,02/07/2018,,"3,91","0,06",,,,
BRL,29/06/2018,,"3,88","0,00",,,,
BRL,28/06/2018,,"3,86","-0,03",,,,
BRL,27/06/2018,,"3,86","-0,04",,,,
BRL,26/06/2018,,"3,80","-0,10",,,,
BRL,25/06/2018,,"3,78","0,00",,,,
BRL,22/06/2018,,"3,78","-0,01",,,,
BRL,21/06/2018,,"3,77","-0,10",,,,
BRL,20/06/2018,,"3,77","-0,01",,,,
BRL,19/06/2018,,"3,75","0,03",,,,
BRL,18/06/2018,,"3,75","0,04",,,,
BRL,15/06/2018,,"3,73","0,02",,,,
BRL,14/06/2018,,"3,81","0,00",,,,
BRL,13/06/2018,,"3,72","0,02",,,,
BRL,12/06/2018,,"3,72","-0,03",,,,
BRL,11/06/2018,,"3,71","0,04",,,,
BRL,08/06/2018,,"3,71","0,00",,,,
BRL,07/06/2018,,"3,90","-0,11",,,,
BRL,06/06/2018,,"3,85","-0,03",,,,
BRL,05/06/2018,,"3,81","0,00",,,,
BRL,04/06/2018,,"3,75","-0,01",,,,
BRL,01/06/2018,,"3,76","0,01",,,,
BRL,31/05/2018,,"3,72","-0,04",,,,
BRL,30/05/2018,,"3,72","-0,02",,,,
BRL,29/05/2018,,"3,73","0,01",,,,
BRL,28/05/2018,,"3,74","0,04",,,,
BRL,25/05/2018,,"3,65","-0,01",,,,
BRL,24/05/2018,,"3,65","0,00",,,,
BRL,17/05/2018,,"3,70","0,66",,,,
BRL,16/05/2018,,"3,68","0,02",,,,
BRL,15/05/2018,,"3,65","0,00",,,,
BRL,14/05/2018,,"3,62","0,02",,,,
BRL,13/05/2018,,"3,60","-0,03",,,,
BRL,11/05/2018,,"3,60","0,05",,,,
BRL,10/05/2018,,"3,55","0,03",,,,
BRL,09/05/2018,,"3,59","-0,01",,,,
BRL,08/05/2018,,"3,56","0,00",,,,
BRL,07/05/2018,,"3,55","-0,05",,,,
BRL,04/05/2018,,"3,53","0,03",,,,
BRL,03/05/2018,,"3,53","0,02",,,,
BRL,02/05/2018,,"3,55","-0,01",,,,
BRL,01/05/2018,,"3,51","0,01",,,,
BRL,30/04/2018,,"3,51","0,02",,,,
BRL,29/04/2018,,"3,46","0,01",,,,
BRL,27/04/2018,,"3,46","0,00",,,,
BRL,26/04/2018,,"3,48","0,03",,,,
BRL,25/04/2018,,"3,48","-0,01",,,,
BRL,24/04/2018,,"3,47","0,06",,,,
BRL,23/04/2018,,"3,45","0,00",,,,
BRL,20/04/2018,,"3,41","0,01",,,,
BRL,19/04/2018,,"3,38","-0,10",,,,
BRL,18/04/2018,,"3,38","0,01",,,,
BRL,17/04/2018,,"3,41","0,05",,,,
BRL,16/04/2018,,"3,42","0,00",,,,
BRL,15/04/2018,,"3,42","0,08",,,,
BRL,13/04/2018,,"3,42","0,01",,,,
BRL,12/04/2018,,"3,41","0,00",,,,
BRL,11/04/2018,,"3,37","0,03",,,,
BRL,10/04/2018,,"3,41","0,01",,,,
BRL,09/04/2018,,"3,42","0,11",,,,
BRL,08/04/2018,,"3,37","-0,01",,,,
BRL,06/04/2018,,"3,37","-0,03",,,,
BRL,05/04/2018,,"3,34","0,02",,,,
BRL,04/04/2018,,"3,33","0,00",,,,
BRL,03/04/2018,,"3,34","-0,01",,,,
BRL,02/04/2018,,"3,31","0,02",,,,
BRL,30/03/2018,,"3,30","-0,02",,,,
BRL,29/03/2018,,"3,30","-0,03",,,,
BRL,28/03/2018,,"3,32","0,03",,,,
BRL,27/03/2018,,"3,33","-0,05",,,,
BRL,26/03/2018,,"3,31","0,01",,,,
BRL,25/03/2018,,"3,31","0,04",,,,
BRL,23/03/2018,,"3,31","0,00",,,,
BRL,22/03/2018,,"3,32","0,01",,,,
BRL,21/03/2018,,"3,27","0,07",,,,
BRL,20/03/2018,,"3,31","0,02",,,,
BRL,19/03/2018,,"3,29","0,00",,,,
BRL,18/03/2018,,"3,28","-0,08",,,,
BRL,16/03/2018,,"3,28","-0,01",,,,
BRL,15/03/2018,,"3,29","0,02",,,,
BRL,14/03/2018,,"3,26","0,00",,,,
BRL,13/03/2018,,"3,26","-0,01",,,,
BRL,12/03/2018,,"3,26","0,01",,,,
BRL,11/03/2018,,"3,25","0,00",,,,
BRL,09/03/2018,,"3,26","0,08",,,,
BRL,08/03/2018,,"3,27","0,03",,,,
BRL,07/03/2018,,"3,24","-0,02",,,,
BRL,06/03/2018,,"3,21","-0,06",,,,
BRL,05/03/2018,,"3,24","0,00",,,,
BRL,04/03/2018,,"3,25","0,00",,,,
BRL,02/03/2018,,"3,25","-0,01",,,,
BRL,01/03/2018,,"3,25","0,00",,,,
BRL,28/02/2018,,"3,25","0,00",,,,
BRL,27/02/2018,,"3,25","0,00",,,,
BRL,26/02/2018,,"3,22","-0,04",,,,
BRL,25/02/2018,,"3,24","0,00",,,,
BRL,23/02/2018,,"3,24","-0,38",,,,
BRL,22/02/2018,,"3,25","0,00",,,,
BRL,21/02/2018,,"3,27","0,00",,,,
BRL,20/02/2018,,"3,26","0,66",,,,
BRL,19/02/2018,,"3,23","0,09",,,,
BRL,16/02/2018,,"3,23","0,11",,,,
BRL,15/02/2018,,"3,23","0,32",,,,
BRL,14/02/2018,,"3,22","-2,35",,,,
BRL,13/02/2018,,"3,29","-0,01",,,,
BRL,12/02/2018,,"3,29","0,03",,,,
BRL,11/02/2018,,"3,29","0,03",,,,
BRL,09/02/2018,,"3,29","0,25",,,,
BRL,08/02/2018,,"3,29","0,44",,,,
BRL,07/02/2018,,"3,27","1,13",,,,
BRL,06/02/2018,,"3,23","-0,85",,,,
BRL,05/02/2018,,"3,26","1,38",,,,
BRL,04/02/2018,,"3,22","0,00",,,,
BRL,02/02/2018,,"3,22","1,62",,,,
BRL,01/02/2018,,"3,17","-0,60",,,,
BRL,31/01/2018,,"3,19","0,15",,,,
BRL,30/01/2018,,"3,18","0,83",,,,
BRL,29/01/2018,,"3,15","0,13",,,,
BRL,28/01/2018,,"3,15","0,06",,,,
BRL,26/01/2018,,"3,15","0,12",,,,
BRL,25/01/2018,,"3,15","0,02",,,,
BRL,24/01/2018,,"3,15","-2,80",,,,
BRL,23/01/2018,,"3,24","1,09",,,,
BRL,22/01/2018,,"3,20","0,18",,,,
BRL,21/01/2018,,"3,20","0,00",,,,
BRL,19/01/2018,,"3,20","-0,32",,,,
BRL,18/01/2018,,"3,21","-0,54",,,,
BRL,17/01/2018,,"3,22","-0,02",,,,
BRL,16/01/2018,,"3,22","0,25",,,,
BRL,15/01/2018,,"3,22","0,31",,,,
BRL,14/01/2018,,"3,21","-0,03",,,,
BRL,12/01/2018,,"3,21","-0,28",,,,
BRL,11/01/2018,,"3,22","-0,39",,,,
BRL,10/01/2018,,"3,23","-0,62",,,,
BRL,09/01/2018,,"3,25","0,23",,,,
BRL,08/01/2018,,"3,24","0,37",,,,
BRL,05/01/2018,,"3,23","0,00",,,,
BRL,04/01/2018,,"3,23","0,00",,,,
BRL,03/01/2018,,"3,24","-0,67",,,,
BRL,02/01/2018,,"3,26","-1,61",,,,
BRL,28/12/2017,,"3,31","-0,08",,,,
BRL,27/12/2017,,"3,31","0,00",,,,
BRL,26/12/2017,,"3,31","-0,78",,,,
BRL,22/12/2017,,"3,34","0,86",,,,
BRL,21/12/2017,,"3,31","0,32",,,,
BRL,20/12/2017,,"3,30","0,24",,,,
BRL,19/12/2017,,"3,29","-0,07",,,,
BRL,18/12/2017,,"3,29","0,00",,,,
BRL,15/12/2017,,"3,29","-1,41",,,,
BRL,14/12/2017,,"3,34","0,96",,,,
BRL,13/12/2017,,"3,31","0,11",,,,
BRL,12/12/2017,,"3,31","0,05",,,,
BRL,11/12/2017,,"3,30","0,39",,,,
BRL,08/12/2017,,"3,29","0,04",,,,
BRL,07/12/2017,,"3,29","1,70",,,,
BRL,06/12/2017,,"3,24","-0,18",,,,
BRL,05/12/2017,,"3,24","-0,08",,,,
BRL,04/12/2017,,"3,24","-0,43",,,,
BRL,01/12/2017,,"3,26","-0,45",,,,
BRL,30/11/2017,,"3,27","0,00",,,,
BRL,29/11/2017,,"3,25","1,04",,,,
BRL,28/11/2017,,"3,21","-0,46",,,,
BRL,27/11/2017,,"3,23","-0,16",,,,
BRL,24/11/2017,,"3,23","0,34",,,,
BRL,23/11/2017,,"3,22","-0,07",,,,
BRL,22/11/2017,,"3,22","-0,01",,,,
BRL,21/11/2017,,"3,26","0,05",,,,
BRL,20/11/2017,,"3,26","0,00",,,,
BRL,17/11/2017,,"3,26","-0,51",,,,
BRL,16/11/2017,,"3,27","-1,19",,,,
BRL,15/11/2017,,"3,31","0,02",,,,
BRL,14/11/2017,,"3,31","0,02",,,,
BRL,13/11/2017,,"3,28","0,05",,,,
BRL,10/11/2017,,"3,28","0,79",,,,
BRL,09/11/2017,,"3,25","-0,08",,,,
BRL,08/11/2017,,"3,25","-0,01",,,,
BRL,07/11/2017,,"3,27","0,67",,,,
BRL,06/11/2017,,"3,25","-1,96",,,,
BRL,03/11/2017,,"3,31","0,00",,,,
BRL,02/11/2017,,"3,27","-0,01",,,,
BRL,01/11/2017,,"3,27","0,00",,,,
BRL,31/10/2017,,"3,27","-0,05",,,,
BRL,30/10/2017,,"3,29","0,00",,,,
BRL,27/10/2017,,"3,24","0,02",,,,
BRL,26/10/2017,,"3,29","-0,01",,,,
BRL,25/10/2017,,"3,23","0,00",,,,
BRL,24/10/2017,,"3,24","0,02",,,,
BRL,23/10/2017,,"3,24","1,42",,,,
BRL,20/10/2017,,"3,19","0,00",,,,
BRL,19/10/2017,,"3,17","0,01",,,,
BRL,18/10/2017,,"3,17","0,03",,,,
BRL,17/10/2017,,"3,16","0,01",,,,
BRL,16/10/2017,,"3,17","0,03",,,,
BRL,13/10/2017,,"3,14","0,01",,,,
BRL,12/10/2017,,"3,17","-0,09",,,,
BRL,11/10/2017,,"3,17","-0,03",,,,
BRL,10/10/2017,,"3,18","0,00",,,,
BRL,09/10/2017,,"3,19","0,00",,,,
BRL,06/10/2017,,"3,16","0,00",,,,
BRL,05/10/2017,,"3,15","0,00",,,,
BRL,04/10/2017,,"3,13","-0,01",,,,
BRL,03/10/2017,,"3,14","0,00",,,,
BRL,02/10/2017,,"3,15","0,03",,,,
BRL,29/09/2017,,"3,16","0,06",,,,
BRL,28/09/2017,,"3,18","0,00",,,,
BRL,27/09/2017,,"3,19","0,00",,,,
BRL,26/09/2017,,"3,17","0,03",,,,
BRL,25/09/2017,,"3,16","-0,02",,,,
BRL,22/09/2017,,"3,12","0,02",,,,
BRL,21/09/2017,,"3,14","0,03",,,,
BRL,20/09/2017,,"3,13","0,01",,,,
BRL,19/09/2017,,"3,13","-0,01",,,,
BRL,18/09/2017,,"3,14","0,01",,,,
BRL,15/09/2017,,"3,11","0,03",,,,
BRL,14/09/2017,,"3,12","0,05",,,,
BRL,13/09/2017,,"3,13","0,00",,,,
BRL,12/09/2017,,"3,12","0,72",,,,
BRL,11/09/2017,,"3,10","0,51",,,,
BRL,08/09/2017,,"3,09","-0,39",,,,
BRL,07/09/2017,,"3,10","-0,04",,,,
BRL,06/09/2017,,"3,10","-0,02",,,,
BRL,05/09/2017,,"3,12","0,02",,,,
BRL,04/09/2017,,"3,14","-0,01",,,,
BRL,01/09/2017,,"3,14","0,03",,,,
BRL,31/08/2017,,"3,15","0,00",,,,
BRL,30/08/2017,,"3,16","0,02",,,,
BRL,29/08/2017,,"3,16","0,02",,,,
BRL,28/08/2017,,"3,17","0,03",,,,
BRL,25/08/2017,,"3,16","0,39",,,,
BRL,24/08/2017,,"3,15","0,01",,,,
BRL,23/08/2017,,"3,14","0,00",,,,
BRL,22/08/2017,,"3,16","0,06",,,,
BRL,21/08/2017,,"3,16","-0,01",,,,
BRL,18/08/2017,,"3,15","0,02",,,,
BRL,17/08/2017,,"3,17","0,02",,,,
BRL,16/08/2017,,"3,15","0,03",,,,
BRL,15/08/2017,,"3,17","0,00",,,,
BRL,14/08/2017,,"3,19","0,00",,,,
BRL,11/08/2017,,"3,19","-0,03",,,,
BRL,10/08/2017,,"3,18","-0,01",,,,
BRL,09/08/2017,,"3,16","0,00",,,,
BRL,08/08/2017,,"3,13","0,03",,,,
BRL,07/08/2017,,"3,13","-0,01",,,,
BRL,04/08/2017,,"3,13","0,01",,,,
BRL,03/08/2017,,"3,11","0,02",,,,
BRL,02/08/2017,,"3,11","0,02",,,,
BRL,01/08/2017,,"3,13","0,02",,,,
BRL,31/07/2017,,"3,13","0,04",,,,
BRL,28/07/2017,,"3,13","0,03",,,,
BRL,27/07/2017,,"3,15","0,05",,,,
BRL,26/07/2017,,"3,14","0,01",,,,
BRL,25/07/2017,,"3,17","0,02",,,,
BRL,24/07/2017,,"3,15","0,01",,,,
BRL,21/07/2017,,"3,14","0,00",,,,
BRL,20/07/2017,,"3,12","0,01",,,,
BRL,19/07/2017,,"3,15","0,02",,,,
BRL,18/07/2017,,"3,15","0,00",,,,
BRL,17/07/2017,,"3,18","0,00",,,,
BRL,14/07/2017,,"3,18","0,00",,,,
BRL,13/07/2017,,"3,21","-0,06",,,,
BRL,12/07/2017,,"3,21","0,03",,,,
BRL,11/07/2017,,"3,25","0,00",,,,
BRL,10/07/2017,,"3,25","0,00",,,,
BRL,07/07/2017,,"3,28","-0,47",,,,
BRL,06/07/2017,,"3,30","0,08",,,,
BRL,05/07/2017,,"3,29","0,00",,,,
BRL,04/07/2017,,"3,31","0,02",,,,
BRL,03/07/2017,,"3,30","0,04",,,,
BRL,30/06/2017,,"3,31","-0,01",,,,
BRL,29/06/2017,,"3,30","0,73",,,,
BRL,28/06/2017,,"3,28","-1,00",,,,
BRL,27/06/2017,,"3,31","0,02",,,,
BRL,26/06/2017,,"3,30","-1,39",,,,
BRL,23/06/2017,,"3,34","0,04",,,,
BRL,22/06/2017,,"3,34","-0,01",,,,
BRL,21/06/2017,,"3,33","-0,04",,,,
BRL,20/06/2017,,"3,33","1,34",,,,
BRL,19/06/2017,,"3,28","-0,31",,,,
BRL,18/06/2017,,"3,29","-0,08",,,,
BRL,16/06/2017,,"3,29","0,57",,,,
BRL,15/06/2017,,"3,27","0,00",,,,
BRL,14/06/2017,,"3,27","0,00",,,,
BRL,13/06/2017,,"3,32","0,04",,,,
BRL,12/06/2017,,"3,32","-0,01",,,,
BRL,09/06/2017,,"3,30","0,00",,,,
BRL,08/06/2017,,"3,26","0,00",,,,
BRL,07/06/2017,,"3,27","0,00",,,,
BRL,06/06/2017,,"3,28","0,00",,,,
BRL,05/06/2017,,"3,30","0,01",,,,
BRL,02/06/2017,,"3,25","-0,04",,,,
BRL,01/06/2017,,"3,25","0,00",,,,
BRL,31/05/2017,,"3,23","0,00",,,,
BRL,30/05/2017,,"3,26","-0,01",,,,
BRL,29/05/2017,,"3,26","-0,12",,,,
BRL,26/05/2017,,"3,26","0,00",,,,
BRL,25/05/2017,,"3,27","0,05",,,,
BRL,24/05/2017,,"3,28","-0,07",,,,
BRL,23/05/2017,,"3,27","0,14",,,,
BRL,22/05/2017,,"3,27","0,02",,,,
BRL,19/05/2017,,"3,25","0,01",,,,
BRL,18/05/2017,,"3,37","0,06",,,,
BRL,17/05/2017,,"3,14","-0,04",,,,
BRL,16/05/2017,,"3,10","0,00",,,,
BRL,15/05/2017,,"3,11","-0,04",,,,
BRL,12/05/2017,,"3,12","0,04",,,,
BRL,11/05/2017,,"3,14","0,00",,,,
BRL,10/05/2017,,"3,17","0,01",,,,
BRL,09/05/2017,,"3,19","0,01",,,,
BRL,08/05/2017,,"3,20","0,00",,,,
BRL,07/05/2017,,"3,18","-0,02",,,,
BRL,05/05/2017,,"3,17","-0,06",,,,
BRL,04/05/2017,,"3,19","0,01",,,,
BRL,03/05/2017,,"3,16","-0,03",,,,
BRL,02/05/2017,,"3,15","-0,03",,,,
BRL,01/05/2017,,"3,17","-0,03",,,,
BRL,28/04/2017,,"3,17","-0,13",,,,
BRL,27/04/2017,,"3,18","-0,03",,,,
BRL,26/04/2017,,"3,17","0,04",,,,
BRL,25/04/2017,,"3,15","0,03",,,,
BRL,24/04/2017,,"3,13","0,04",,,,
BRL,21/04/2017,,"3,15","-0,03",,,,
BRL,20/04/2017,,"3,15","-0,03",,,,
BRL,19/04/2017,,"3,15","-0,08",,,,
BRL,18/04/2017,,"3,11","-0,01",,,,
BRL,17/04/2017,,"3,10","0,00",,,,
BRL,14/04/2017,,"3,14","0,01",,,,
BRL,13/04/2017,,"3,14","-0,01",,,,
BRL,12/04/2017,,"3,12","-0,01",,,,
BRL,11/04/2017,,"3,14","0,05",,,,
BRL,10/04/2017,,"3,13","0,04",,,,
BRL,07/04/2017,,"3,15","0,12",,,,
BRL,06/04/2017,,"3,14","0,02",,,,
BRL,05/04/2017,,"3,12","0,06",,,,
BRL,04/04/2017,,"3,10","0,11",,,,
BRL,03/04/2017,,"3,11","0,01",,,,
BRL,31/03/2017,,"3,12","-0,03",,,,
BRL,30/03/2017,,"3,15","0,02",,,,
BRL,29/03/2017,,"3,12","0,10",,,,
BRL,28/03/2017,,"3,14","-0,03",,,,
BRL,27/03/2017,,"3,13","0,02",,,,
BRL,24/03/2017,,"3,11","0,01",,,,
BRL,23/03/2017,,"3,14","0,04",,,,
BRL,22/03/2017,,"3,09","-0,03",,,,
BRL,21/03/2017,,"3,09","-0,01",,,,
BRL,20/03/2017,,"3,07","-0,02",,,,
BRL,17/03/2017,,"3,09","0,01",,,,
BRL,16/03/2017,,"3,12","0,08",,,,
BRL,15/03/2017,,"3,10","-0,01",,,,
BRL,14/03/2017,,"3,16","-0,14",,,,
BRL,13/03/2017,,"3,15","-0,01",,,,
BRL,10/03/2017,,"3,14","0,00",,,,
BRL,07/03/2017,,"3,12","-0,58",,,,
BRL,06/03/2017,,"3,14","0,00",,,,
BRL,03/03/2017,,"3,11","0,00",,,,
BRL,02/03/2017,,"3,16","2,17",,,,
BRL,01/03/2017,,"3,09","0,00",,,,
BRL,28/02/2017,,"3,11","0,00",,,,
BRL,27/02/2017,,"3,11","-0,05",,,,
BRL,24/02/2017,,"3,11","0,00",,,,
BRL,23/02/2017,,"3,06","0,07",,,,
BRL,22/02/2017,,"3,06","0,00",,,,
BRL,21/02/2017,,"3,10","0,00",,,,
BRL,20/02/2017,,"3,09","0,00",,,,
BRL,17/02/2017,,"3,10","0,00",,,,
BRL,16/02/2017,,"3,09","1,06",,,,
BRL,15/02/2017,,"3,06","0,00",,,,
BRL,14/02/2017,,"3,08","0,00",,,,
BRL,13/02/2017,,"3,11","0,00",,,,
BRL,10/02/2017,,"3,11","0,00",,,,
BRL,09/02/2017,,"3,13","0,00",,,,
BRL,08/02/2017,,"3,12","0,00",,,,
BRL,07/02/2017,,"3,12","0,00",,,,
BRL,06/02/2017,,"3,12","-0,02",,,,
BRL,03/02/2017,,"3,12","-0,20",,,,
BRL,02/02/2017,,"3,12","0,00",,,,
BRL,01/02/2017,,"3,13","0,00",,,,
BRL,31/01/2017,,"3,15","0,01",,,,
BRL,30/01/2017,,"3,13","0,00",,,,
BRL,27/01/2017,,"3,14","0,00",,,,
BRL,26/01/2017,,"3,18","0,00",,,,
BRL,25/01/2017,,"3,17","0,00",,,,
BRL,24/01/2017,,"3,17","0,22",,,,
BRL,23/01/2017,,"3,16","-0,18",,,,
BRL,20/01/2017,,"3,17","0,00",,,,
BRL,19/01/2017,,"3,20","-1,07",,,,
BRL,18/01/2017,,"3,23","-0,01",,,,
BRL,17/01/2017,,"3,21","0,00",,,,
BRL,16/01/2017,,"3,24","0,00",,,,
BRL,13/01/2017,,"3,22","1,03",,,,
BRL,12/01/2017,,"3,19","-0,27",,,,
BRL,11/01/2017,,"3,20","0,00",,,,
BRL,10/01/2017,,"3,20","-0,02",,,,
BRL,09/01/2017,,"3,20","-0,84",,,,
BRL,06/01/2017,,"3,22","0,78",,,,
BRL,05/01/2017,,"3,20","-0,53",,,,
BRL,04/01/2017,,"3,22","0,00",,,,
BRL,03/01/2017,,"3,26","-0,63",,,,
BRL,02/01/2017,,"3,29","0,98",,,,
BRL,01/01/2017,,"3,25","0,00",,,,
BRL,29/12/2016,,"3,25","-0,94",,,,
BRL,28/12/2016,,"3,28","0,44",,,,
BRL,27/12/2016,,"3,27","-0,19",,,,
BRL,26/12/2016,,"3,28","0,00",,,,
BRL,23/12/2016,,"3,27","-0,49",,,,
BRL,22/12/2016,,"3,29","0,00",,,,
BRL,21/12/2016,,"3,33","-0,81",,,,
BRL,20/12/2016,,"3,35","-0,32",,,,
BRL,19/12/2016,,"3,36","0,00",,,,
BRL,16/12/2016,,"3,39","0,67",,,,
BRL,15/12/2016,,"3,37","0,00",,,,
BRL,14/12/2016,,"3,37","1,03",,,,
BRL,13/12/2016,,"3,33","-0,10",,,,
BRL,12/12/2016,,"3,34","-1,15",,,,
BRL,09/12/2016,,"3,38","0,00",,,,
BRL,08/12/2016,,"3,38","-0,22",,,,
BRL,07/12/2016,,"3,38","0,00",,,,
BRL,06/12/2016,,"3,41","0,00",,,,
BRL,05/12/2016,,"3,42","0,04",,,,
BRL,02/12/2016,,"3,48","0,14",,,,
BRL,01/12/2016,,"3,58","3,03",,,,
BRL,30/11/2016,,"3,41","0,70",,,,
BRL,29/11/2016,,"3,45","1,60",,,,
BRL,28/11/2016,,"3,41","0,66",,,,
UYU,28/11/2019,,"37,89","0,00",,,,
UYU,27/11/2019,,"37,89","0,00",,,,
UYU,26/11/2019,,"37,79","0,00",,,,
UYU,25/11/2019,,"37,76","0,00",,,,
UYU,22/11/2019,,"37,73","0,00",,,,
UYU,21/11/2019,,"37,68","0,00",,,,
UYU,20/11/2019,,"37,65","0,00",,,,
UYU,19/11/2019,,"37,64","0,00",,,,
UYU,18/11/2019,,"37,63","0,00",,,,
UYU,15/11/2019,,"37,65","0,00",,,,
UYU,14/11/2019,,"37,56","0,00",,,,
UYU,13/11/2019,,"37,55","0,00",,,,
UYU,12/11/2019,,"37,48","0,05",,,,
UYU,11/11/2019,,"37,48","0,00",,,,
UYU,08/11/2019,,"37,42","-0,08",,,,
UYU,07/11/2019,,"37,45","0,00",,,,
UYU,06/11/2019,,"37,34","0,00",,,,
UYU,05/11/2019,,"37,25","0,00",,,,
UYU,04/11/2019,,"37,39","0,00",,,,
UYU,01/11/2019,,"37,42","0,00",,,,
UYU,31/10/2019,,"37,46","0,00",,,,
UYU,30/10/2019,,"37,42","0,00",,,,
UYU,29/10/2019,,"37,48","0,00",,,,
UYU,28/10/2019,,"37,42","0,00",,,,
UYU,25/10/2019,,"37,38","0,00",,,,
UYU,24/10/2019,,"37,35","0,00",,,,
UYU,23/10/2019,,"37,38","0,00",,,,
UYU,22/10/2019,,"37,36","-0,11",,,,
UYU,21/10/2019,,"37,35","0,00",,,,
UYU,18/10/2019,,"37,32","0,00",,,,
UYU,17/10/2019,,"37,31","0,00",,,,
UYU,16/10/2019,,"37,30","0,00",,,,
UYU,15/10/2019,,"37,19","0,00",,,,
UYU,14/10/2019,,"37,12","0,00",,,,
UYU,11/10/2019,,"37,17","0,00",,,,
UYU,10/10/2019,,"37,19","0,00",,,,
UYU,09/10/2019,,"37,20","0,00",,,,
UYU,08/10/2019,,"37,21","-0,03",,,,
UYU,07/10/2019,,"37,12","-0,03",,,,
UYU,04/10/2019,,"37,14","-0,05",,,,
UYU,03/10/2019,,"37,16","0,00",,,,
UYU,02/10/2019,,"37,00","0,00",,,,
UYU,01/10/2019,,"36,93","-0,46",,,,
UYU,30/09/2019,,"36,84","0,00",,,,
UYU,29/09/2019,,"36,79","0,00",,,,
UYU,27/09/2019,,"36,79","0,00",,,,
UYU,26/09/2019,,"36,86","0,00",,,,
UYU,25/09/2019,,"36,78","0,00",,,,
UYU,24/09/2019,,"36,75","0,00",,,,
UYU,23/09/2019,,"36,75","0,00",,,,
UYU,20/09/2019,,"36,72","0,00",,,,
UYU,19/09/2019,,"36,72","0,00",,,,
UYU,18/09/2019,,"36,73","0,00",,,,
UYU,17/09/2019,,"36,61","0,00",,,,
UYU,16/09/2019,,"36,44","0,00",,,,
UYU,13/09/2019,,"36,44","0,00",,,,
UYU,12/09/2019,,"36,53","0,00",,,,
UYU,11/09/2019,,"36,58","0,00",,,,
UYU,10/09/2019,,"36,47","0,00",,,,
UYU,09/09/2019,,"36,41","0,00",,,,
UYU,08/09/2019,,"36,58","0,00",,,,
UYU,06/09/2019,,"36,58","0,00",,,,
UYU,05/09/2019,,"36,64","0,00",,,,
UYU,04/09/2019,,"36,68","-0,03",,,,
UYU,03/09/2019,,"36,79","0,00",,,,
UYU,02/09/2019,,"36,60","0,00",,,,
UYU,30/08/2019,,"36,60","-0,11",,,,
UYU,29/08/2019,,"36,61","0,00",,,,
UYU,28/08/2019,,"36,48","0,00",,,,
UYU,27/08/2019,,"36,49","0,00",,,,
UYU,26/08/2019,,"36,46","0,00",,,,
UYU,23/08/2019,,"36,31","0,00",,,,
UYU,22/08/2019,,"36,49","0,00",,,,
UYU,21/08/2019,,"36,59","0,30",,,,
UYU,20/08/2019,,"36,33","0,41",,,,
UYU,19/08/2019,,"36,18","0,00",,,,
UYU,16/08/2019,,"36,18","0,00",,,,
UYU,15/08/2019,,"36,19","0,89",,,,
UYU,14/08/2019,,"35,87","0,00",,,,
UYU,13/08/2019,,"35,88","0,00",,,,
UYU,12/08/2019,,"35,33","0,00",,,,
UYU,11/08/2019,,"35,26","0,00",,,,
UYU,09/08/2019,,"35,26","0,00",,,,
UYU,08/08/2019,,"35,28","0,00",,,,
UYU,07/08/2019,,"35,14","-0,45",,,,
UYU,06/08/2019,,"35,13","0,00",,,,
UYU,05/08/2019,,"34,74","0,00",,,,
UYU,02/08/2019,,"34,57","0,00",,,,
UYU,01/08/2019,,"34,33","0,00",,,,
UYU,31/07/2019,,"34,31","0,00",,,,
UYU,30/07/2019,,"34,18","-0,29",,,,
UYU,29/07/2019,,"34,15","-0,15",,,,
UYU,26/07/2019,,"34,12","0,00",,,,
UYU,25/07/2019,,"33,82","0,00",,,,
UYU,24/07/2019,,"34,37","1,54",,,,
UYU,23/07/2019,,"34,80","0,00",,,,
UYU,22/07/2019,,"35,01","0,89",,,,
UYU,19/07/2019,,"35,09","0,00",,,,
UYU,18/07/2019,,"35,10","0,00",,,,
UYU,17/07/2019,,"35,15","0,20",,,,
UYU,16/07/2019,,"35,09","0,00",,,,
UYU,15/07/2019,,"35,08","0,00",,,,
UYU,14/07/2019,,"35,12","0,00",,,,
UYU,12/07/2019,,"35,12","0,00",,,,
UYU,11/07/2019,,"35,09","0,00",,,,
UYU,10/07/2019,,"35,19","0,26",,,,
UYU,09/07/2019,,"35,15","0,00",,,,
UYU,08/07/2019,,"35,21","0,00",,,,
UYU,05/07/2019,,"35,09","0,00",,,,
UYU,04/07/2019,,"35,18","0,00",,,,
UYU,03/07/2019,,"35,18","0,00",,,,
UYU,02/07/2019,,"35,08","0,00",,,,
UYU,01/07/2019,,"35,17","0,20",,,,
UYU,28/06/2019,,"35,24","0,00",,,,
UYU,27/06/2019,,"35,21","0,00",,,,
UYU,26/06/2019,,"35,14","-0,03",,,,
UYU,25/06/2019,,"35,14","0,09",,,,
UYU,24/06/2019,,"35,18","0,00",,,,
UYU,23/06/2019,,"35,21","0,00",,,,
UYU,21/06/2019,,"35,21","0,00",,,,
UYU,20/06/2019,,"35,31","0,00",,,,
UYU,19/06/2019,,"35,32","0,00",,,,
UYU,18/06/2019,,"35,30","0,00",,,,
UYU,17/06/2019,,"35,32","0,03",,,,
UYU,14/06/2019,,"35,22","-0,09",,,,
UYU,13/06/2019,,"35,29","0,00",,,,
UYU,12/06/2019,,"35,34","0,00",,,,
UYU,11/06/2019,,"35,39","0,25",,,,
UYU,10/06/2019,,"35,34","0,00",,,,
UYU,07/06/2019,,"35,29","0,00",,,,
UYU,06/06/2019,,"35,05","0,00",,,,
UYU,05/06/2019,,"35,04","0,00",,,,
UYU,04/06/2019,,"35,18","0,00",,,,
UYU,03/06/2019,,"35,24","0,34",,,,
UYU,31/05/2019,,"35,23","0,00",,,,
UYU,30/05/2019,,"35,18","0,00",,,,
UYU,29/05/2019,,"35,11","0,00",,,,
UYU,28/05/2019,,"35,08","0,00",,,,
UYU,27/05/2019,,"35,20","0,00",,,,
UYU,26/05/2019,,"35,20","0,40",,,,
UYU,24/05/2019,,"35,20","0,40",,,,
UYU,23/05/2019,,"35,27","0,00",,,,
UYU,22/05/2019,,"35,27","0,00",,,,
UYU,21/05/2019,,"35,26","0,00",,,,
UYU,20/05/2019,,"35,25","0,14",,,,
UYU,17/05/2019,,"35,18","0,00",,,,
UYU,16/05/2019,,"35,22","0,00",,,,
UYU,15/05/2019,,"35,19","0,00",,,,
UYU,14/05/2019,,"35,22","0,00",,,,
UYU,13/05/2019,,"35,12","0,00",,,,
UYU,10/05/2019,,"35,12","0,23",,,,
UYU,09/05/2019,,"35,04","0,00",,,,
UYU,08/05/2019,,"34,98","0,00",,,,
UYU,07/05/2019,,"35,03","0,00",,,,
UYU,06/05/2019,,"34,93","0,00",,,,
UYU,03/05/2019,,"35,08","0,00",,,,
UYU,02/05/2019,,"34,96","0,00",,,,
UYU,01/05/2019,,"34,97","0,00",,,,
UYU,30/04/2019,,"34,63","0,00",,,,
UYU,29/04/2019,,"34,64","0,00",,,,
UYU,26/04/2019,,"34,63","0,00",,,,
UYU,25/04/2019,,"34,48","0,00",,,,
UYU,24/04/2019,,"34,49","0,00",,,,
UYU,23/04/2019,,"34,43","0,00",,,,
UYU,22/04/2019,,"34,21","-0,09",,,,
UYU,19/04/2019,,"34,24","0,00",,,,
UYU,18/04/2019,,"34,24","0,00",,,,
UYU,17/04/2019,,"34,22","0,00",,,,
UYU,16/04/2019,,"34,05","0,00",,,,
UYU,15/04/2019,,"34,07","0,18",,,,
UYU,12/04/2019,,"34,11","0,00",,,,
UYU,11/04/2019,,"33,89","0,00",,,,
UYU,10/04/2019,,"33,94","0,06",,,,
UYU,09/04/2019,,"33,78","-0,30",,,,
UYU,08/04/2019,,"33,75","0,00",,,,
UYU,05/04/2019,,"33,84","0,33",,,,
UYU,04/04/2019,,"33,70","0,00",,,,
UYU,03/04/2019,,"33,61","0,00",,,,
UYU,02/04/2019,,"33,43","0,00",,,,
UYU,01/04/2019,,"33,48","0,00",,,,
UYU,29/03/2019,,"33,73","0,00",,,,
UYU,28/03/2019,,"33,79","0,00",,,,
UYU,27/03/2019,,"33,43","0,00",,,,
UYU,26/03/2019,,"33,51","0,00",,,,
UYU,25/03/2019,,"33,62","0,00",,,,
UYU,22/03/2019,,"33,36","0,00",,,,
UYU,21/03/2019,,"33,33","0,00",,,,
UYU,20/03/2019,,"33,21","0,00",,,,
UYU,19/03/2019,,"33,41","0,00",,,,
UYU,18/03/2019,,"33,44","0,00",,,,
UYU,15/03/2019,,"33,51","0,00",,,,
UYU,14/03/2019,,"33,38","0,00",,,,
UYU,13/03/2019,,"33,08","0,00",,,,
UYU,12/03/2019,,"33,06","0,00",,,,
UYU,11/03/2019,,"33,06","0,00",,,,
UYU,08/03/2019,,"32,93","0,76",,,,
UYU,07/03/2019,,"32,68","0,00",,,,
UYU,06/03/2019,,"32,65","0,09",,,,
UYU,05/03/2019,,"32,66","0,00",,,,
UYU,04/03/2019,,"32,66","0,00",,,,
UYU,01/03/2019,,"32,65","0,25",,,,
UYU,28/02/2019,,"32,66","0,21",,,,
UYU,27/02/2019,,"32,65","0,00",,,,
UYU,26/02/2019,,"32,64","0,28",,,,
UYU,25/02/2019,,"32,65","0,00",,,,
UYU,22/02/2019,,"32,71","0,00",,,,
UYU,21/02/2019,,"32,66","0,00",,,,
UYU,20/02/2019,,"32,63","0,00",,,,
UYU,19/02/2019,,"32,61","0,00",,,,
UYU,18/02/2019,,"32,55","0,00",,,,
UYU,15/02/2019,,"32,58","0,00",,,,
UYU,14/02/2019,,"32,59","0,00",,,,
UYU,13/02/2019,,"32,56","0,12",,,,
UYU,12/02/2019,,"32,59","0,00",,,,
UYU,11/02/2019,,"32,57","0,28",,,,
UYU,08/02/2019,,"32,58","0,12",,,,
UYU,07/02/2019,,"32,54","0,00",,,,
UYU,06/02/2019,,"32,48","0,00",,,,
UYU,05/02/2019,,"32,47","0,00",,,,
UYU,04/02/2019,,"32,47","0,22",,,,
UYU,01/02/2019,,"32,47","0,00",,,,
UYU,31/01/2019,,"32,56","0,00",,,,
UYU,30/01/2019,,"32,52","0,00",,,,
UYU,29/01/2019,,"32,59","0,00",,,,
UYU,28/01/2019,,"32,60","0,00",,,,
UYU,25/01/2019,,"32,59","0,00",,,,
UYU,24/01/2019,,"32,60","0,00",,,,
UYU,23/01/2019,,"32,62","0,00",,,,
UYU,22/01/2019,,"32,61","0,00",,,,
UYU,21/01/2019,,"32,61","0,00",,,,
UYU,18/01/2019,,"32,66","0,00",,,,
UYU,17/01/2019,,"32,67","0,00",,,,
UYU,16/01/2019,,"32,66","0,21",,,,
UYU,15/01/2019,,"32,64","0,00",,,,
UYU,14/01/2019,,"32,78","0,00",,,,
UYU,11/01/2019,,"32,75","0,00",,,,
UYU,10/01/2019,,"32,59","0,00",,,,
UYU,09/01/2019,,"32,51","0,00",,,,
UYU,08/01/2019,,"32,49","0,00",,,,
UYU,07/01/2019,,"32,49","0,00",,,,
UYU,04/01/2019,,"32,45","0,00",,,,
UYU,03/01/2019,,"32,43","0,00",,,,
UYU,02/01/2019,,"32,40","0,00",,,,
UYU,01/01/2019,,"32,40","0,00",,,,
UYU,31/12/2018,,"32,40","0,00",,,,
UYU,28/12/2018,,"32,35","0,19",,,,
UYU,27/12/2018,,"32,29","0,00",,,,
UYU,26/12/2018,,"32,26","0,00",,,,
UYU,25/12/2018,,"32,25","0,00",,,,
UYU,24/12/2018,,"32,25","0,00",,,,
UYU,21/12/2018,,"32,24","0,03",,,,
UYU,20/12/2018,,"32,23","0,00",,,,
UYU,19/12/2018,,"32,22","0,00",,,,
UYU,18/12/2018,,"32,23","0,00",,,,
UYU,17/12/2018,,"32,29","0,00",,,,
UYU,14/12/2018,,"32,26","0,16",,,,
UYU,13/12/2018,,"32,21","0,00",,,,
UYU,12/12/2018,,"31,98","-0,68",,,,
UYU,11/12/2018,,"32,18","0,00",,,,
UYU,10/12/2018,,"32,13","0,00",,,,
UYU,07/12/2018,,"32,14","0,00",,,,
UYU,06/12/2018,,"32,05","0,00",,,,
UYU,05/12/2018,,"31,98","0,00",,,,
UYU,04/12/2018,,"31,98","0,00",,,,
UYU,03/12/2018,,"32,19","0,00",,,,
UYU,30/11/2018,,"32,06","0,00",,,,
UYU,29/11/2018,,"32,37","0,00",,,,
UYU,28/11/2018,,"32,52","0,99",,,,
UYU,27/11/2018,,"32,49","0,00",,,,
UYU,26/11/2018,,"32,38","-0,37",,,,
UYU,25/11/2018,,"32,47","0,00",,,,
UYU,23/11/2018,,"32,47","0,37",,,,
UYU,22/11/2018,,"32,49","0,43",,,,
UYU,21/11/2018,,"32,49","0,06",,,,
UYU,20/11/2018,,"32,47","0,00",,,,
UYU,19/11/2018,,"32,45","0,00",,,,
UYU,16/11/2018,,"32,62","0,00",,,,
UYU,15/11/2018,,"32,72","0,00",,,,
UYU,14/11/2018,,"32,63","0,00",,,,
UYU,13/11/2018,,"32,58","0,00",,,,
UYU,12/11/2018,,"32,54","0,00",,,,
UYU,09/11/2018,,"32,64","0,00",,,,
UYU,08/11/2018,,"32,70","0,28",,,,
UYU,07/11/2018,,"32,75","0,00",,,,
UYU,06/11/2018,,"32,75","0,00",,,,
UYU,05/11/2018,,"32,80","0,00",,,,
UYU,02/11/2018,,"32,80","0,00",,,,
UYU,01/11/2018,,"32,82","0,00",,,,
UYU,31/10/2018,,"32,80","0,00",,,,
UYU,30/10/2018,,"32,80","0,00",,,,
UYU,29/10/2018,,"32,85","0,00",,,,
UYU,26/10/2018,,"32,86","0,00",,,,
UYU,25/10/2018,,"32,87","0,00",,,,
UYU,24/10/2018,,"32,84","0,00",,,,
UYU,23/10/2018,,"32,75","0,00",,,,
UYU,22/10/2018,,"32,87","0,00",,,,
UYU,19/10/2018,,"32,77","0,00",,,,
UYU,18/10/2018,,"32,76","0,00",,,,
UYU,17/10/2018,,"32,83","0,00",,,,
UYU,16/10/2018,,"32,96","0,00",,,,
UYU,15/10/2018,,"32,95","0,00",,,,
UYU,14/10/2018,,"32,96","0,00",,,,
UYU,12/10/2018,,"32,96","0,00",,,,
UYU,11/10/2018,,"32,93","-0,06",,,,
UYU,10/10/2018,,"32,77","0,00",,,,
UYU,09/10/2018,,"32,83","0,00",,,,
UYU,08/10/2018,,"33,03","0,00",,,,
UYU,05/10/2018,,"33,07","0,00",,,,
UYU,04/10/2018,,"32,77","-0,30",,,,
UYU,03/10/2018,,"32,87","0,00",,,,
UYU,02/10/2018,,"33,00","0,00",,,,
UYU,01/10/2018,,"33,02","0,00",,,,
UYU,28/09/2018,,"33,03","-0,66",,,,
UYU,27/09/2018,,"32,93","0,00",,,,
UYU,26/09/2018,,"33,01","0,00",,,,
UYU,25/09/2018,,"32,61","0,00",,,,
UYU,24/09/2018,,"32,78","0,00",,,,
UYU,21/09/2018,,"32,88","0,00",,,,
UYU,20/09/2018,,"33,09","0,00",,,,
UYU,19/09/2018,,"33,11","0,12",,,,
UYU,18/09/2018,,"33,15","0,12",,,,
UYU,17/09/2018,,"33,14","0,09",,,,
UYU,14/09/2018,,"32,98","0,00",,,,
UYU,13/09/2018,,"32,82","-0,42",,,,
UYU,12/09/2018,,"32,85","0,00",,,,
UYU,11/09/2018,,"32,69","-0,49",,,,
UYU,10/09/2018,,"32,38","0,00",,,,
UYU,09/09/2018,,"32,52","0,00",,,,
UYU,07/09/2018,,"32,52","0,00",,,,
UYU,06/09/2018,,"32,81","0,00",,,,
UYU,05/09/2018,,"32,44","0,00",,,,
UYU,04/09/2018,,"32,44","-0,92",,,,
UYU,03/09/2018,,"32,19","0,00",,,,
UYU,31/08/2018,,"32,19","0,00",,,,
UYU,30/08/2018,,"31,99","0,00",,,,
UYU,29/08/2018,,"31,92","0,00",,,,
UYU,28/08/2018,,"31,77","-0,31",,,,
UYU,27/08/2018,,"31,90","0,00",,,,
UYU,24/08/2018,,"31,89","0,00",,,,
UYU,23/08/2018,,"31,83","-0,41",,,,
UYU,22/08/2018,,"31,82","-0,19",,,,
UYU,21/08/2018,,"31,69","-0,13",,,,
UYU,20/08/2018,,"31,57","0,00",,,,
UYU,17/08/2018,,"31,45","-0,32",,,,
UYU,16/08/2018,,"31,55","0,00",,,,
UYU,15/08/2018,,"31,30","0,00",,,,
UYU,14/08/2018,,"31,42","0,00",,,,
UYU,13/08/2018,,"31,13","0,00",,,,
UYU,10/08/2018,,"30,68","1,72",,,,
UYU,09/08/2018,,"30,16","0,00",,,,
UYU,08/08/2018,,"30,03","0,00",,,,
UYU,07/08/2018,,"30,39","1,33",,,,
UYU,06/08/2018,,"30,70","0,00",,,,
UYU,03/08/2018,,"30,71","0,00",,,,
UYU,02/08/2018,,"30,49","-0,85",,,,
UYU,01/08/2018,,"30,54","-0,03",,,,
UYU,31/07/2018,,"30,53","-0,07",,,,
UYU,30/07/2018,,"30,68","0,76",,,,
UYU,29/07/2018,,"30,70","0,00",,,,
UYU,27/07/2018,,"30,70","0,00",,,,
UYU,26/07/2018,,"30,71","0,00",,,,
UYU,25/07/2018,,"30,90","0,00",,,,
UYU,24/07/2018,,"31,06","0,00",,,,
UYU,23/07/2018,,"31,01","0,16",,,,
UYU,20/07/2018,,"31,21","0,00",,,,
UYU,19/07/2018,,"31,15","-0,13",,,,
UYU,18/07/2018,,"31,16","0,00",,,,
UYU,17/07/2018,,"31,27","0,00",,,,
UYU,16/07/2018,,"31,34","0,00",,,,
UYU,13/07/2018,,"31,34","0,00",,,,
UYU,12/07/2018,,"31,36","0,00",,,,
UYU,11/07/2018,,"31,28","0,00",,,,
UYU,10/07/2018,,"31,39","0,00",,,,
UYU,09/07/2018,,"31,49","0,00",,,,
UYU,08/07/2018,,"31,37","-0,25",,,,
UYU,06/07/2018,,"31,45","0,16",,,,
UYU,05/07/2018,,"31,44","0,13",,,,
UYU,04/07/2018,,"31,59","0,00",,,,
UYU,03/07/2018,,"31,59","0,00",,,,
UYU,02/07/2018,,"31,45","0,00",,,,
UYU,29/06/2018,,"31,29","0,00",,,,
UYU,28/06/2018,,"31,37","0,00",,,,
UYU,27/06/2018,,"31,23","0,00",,,,
UYU,26/06/2018,,"31,38","0,00",,,,
UYU,25/06/2018,,"31,44","0,00",,,,
UYU,22/06/2018,,"31,66","0,00",,,,
UYU,21/06/2018,,"31,71","0,00",,,,
UYU,20/06/2018,,"31,55","0,00",,,,
UYU,19/06/2018,,"31,55","0,00",,,,
UYU,18/06/2018,,"31,60","0,25",,,,
UYU,17/06/2018,,"31,52","0,00",,,,
UYU,15/06/2018,,"31,52","0,00",,,,
UYU,14/06/2018,,"31,29","0,00",,,,
UYU,13/06/2018,,"31,30","0,29",,,,
UYU,12/06/2018,,"31,28","0,22",,,,
UYU,11/06/2018,,"31,28","0,00",,,,
UYU,10/06/2018,,"31,33","0,00",,,,
UYU,08/06/2018,,"31,33","0,00",,,,
UYU,07/06/2018,,"31,05","0,00",,,,
UYU,06/06/2018,,"31,10","0,00",,,,
UYU,05/06/2018,,"31,09","0,00",,,,
UYU,04/06/2018,,"31,17","0,00",,,,
UYU,01/06/2018,,"31,19","0,00",,,,
UYU,31/05/2018,,"30,96","0,00",,,,
UYU,30/05/2018,,"31,14","0,00",,,,
UYU,29/05/2018,,"31,17","0,00",,,,
UYU,28/05/2018,,"31,18","0,10",,,,
UYU,25/05/2018,,"31,24","0,00",,,,
UYU,24/05/2018,,"31,21","0,10",,,,
UYU,17/05/2018,,"30,74","-1,25",,,,
UYU,16/05/2018,,"31,13","0,00",,,,
UYU,15/05/2018,,"30,53","0,00",,,,
UYU,14/05/2018,,"30,21","0,00",,,,
UYU,11/05/2018,,"30,01","0,30",,,,
UYU,10/05/2018,,"30,45","5,00",,,,
UYU,09/05/2018,,"29,00","0,00",,,,
UYU,08/05/2018,,"29,00","0,00",,,,
UYU,07/05/2018,,"29,14","0,00",,,,
UYU,04/05/2018,,"29,15","0,00",,,,
UYU,03/05/2018,,"28,95","0,00",,,,
UYU,02/05/2018,,"28,60","0,00",,,,
UYU,01/05/2018,,"28,59","0,00",,,,
UYU,30/04/2018,,"28,44","0,00",,,,
UYU,27/04/2018,,"28,41","0,00",,,,
UYU,26/04/2018,,"28,36","0,00",,,,
UYU,25/04/2018,,"28,27","0,00",,,,
UYU,24/04/2018,,"28,15","0,00",,,,
UYU,23/04/2018,,"28,14","0,00",,,,
UYU,22/04/2018,,"28,21","0,11",,,,
UYU,20/04/2018,,"28,18","-0,11",,,,
UYU,19/04/2018,,"28,21","0,00",,,,
UYU,18/04/2018,,"28,25","0,00",,,,
UYU,17/04/2018,,"28,27","0,00",,,,
UYU,16/04/2018,,"28,24","0,00",,,,
UYU,13/04/2018,,"28,28","0,14",,,,
UYU,12/04/2018,,"28,24","0,00",,,,
UYU,11/04/2018,,"28,24","0,00",,,,
UYU,10/04/2018,,"28,27","0,00",,,,
UYU,09/04/2018,,"28,30","0,00",,,,
UYU,08/04/2018,,"28,24","0,00",,,,
UYU,06/04/2018,,"28,24","0,00",,,,
UYU,05/04/2018,,"28,30","0,25",,,,
UYU,04/04/2018,,"28,28","0,00",,,,
UYU,03/04/2018,,"28,31","0,21",,,,
UYU,02/04/2018,,"28,35","0,00",,,,
UYU,30/03/2018,,"28,35","0,00",,,,
UYU,29/03/2018,,"28,35","0,00",,,,
UYU,28/03/2018,,"28,36","0,00",,,,
UYU,27/03/2018,,"28,28","0,00",,,,
UYU,26/03/2018,,"28,33","0,00",,,,
UYU,25/03/2018,,"28,43","0,00",,,,
UYU,23/03/2018,,"28,43","0,00",,,,
UYU,22/03/2018,,"28,47","0,53",,,,
UYU,21/03/2018,,"28,44","0,00",,,,
UYU,20/03/2018,,"28,46","0,25",,,,
UYU,19/03/2018,,"28,38","-0,14",,,,
UYU,16/03/2018,,"28,37","-0,04",,,,
UYU,15/03/2018,,"28,29","0,00",,,,
UYU,14/03/2018,,"28,29","0,00",,,,
UYU,13/03/2018,,"28,35","0,00",,,,
UYU,12/03/2018,,"28,34","0,00",,,,
UYU,09/03/2018,,"28,32","0,00",,,,
UYU,08/03/2018,,"28,30","0,00",,,,
UYU,07/03/2018,,"28,30","0,00",,,,
UYU,06/03/2018,,"28,37","0,00",,,,
UYU,05/03/2018,,"28,42","0,00",,,,
UYU,02/03/2018,,"28,38","0,18",,,,
UYU,01/03/2018,,"28,33","0,00",,,,
UYU,28/02/2018,,"28,33","0,00",,,,
UYU,27/02/2018,,"28,36","0,00",,,,
UYU,26/02/2018,,"28,42","0,00",,,,
UYU,23/02/2018,,"28,47","0,00",,,,
UYU,22/02/2018,,"28,49","0,21",,,,
UYU,21/02/2018,,"28,48","0,00",,,,
UYU,20/02/2018,,"28,46","0,00",,,,
UYU,19/02/2018,,"28,45","0,00",,,,
UYU,16/02/2018,,"28,48","0,00",,,,
UYU,15/02/2018,,"28,87","0,00",,,,
UYU,14/02/2018,,"28,77","0,00",,,,
UYU,13/02/2018,,"28,77","0,00",,,,
UYU,12/02/2018,,"28,76","0,00",,,,
UYU,09/02/2018,,"28,62","0,00",,,,
UYU,08/02/2018,,"28,50","0,00",,,,
UYU,07/02/2018,,"28,47","0,00",,,,
UYU,06/02/2018,,"28,47","0,11",,,,
UYU,05/02/2018,,"28,37","0,00",,,,
UYU,02/02/2018,,"28,39","0,00",,,,
UYU,01/02/2018,,"28,37","0,00",,,,
UYU,31/01/2018,,"28,43","0,00",,,,
UYU,30/01/2018,,"28,42","0,00",,,,
UYU,29/01/2018,,"28,38","0,00",,,,
UYU,26/01/2018,,"28,28","0,00",,,,
UYU,25/01/2018,,"28,33","0,00",,,,
UYU,24/01/2018,,"28,47","0,00",,,,
UYU,23/01/2018,,"28,41","0,11",,,,
UYU,22/01/2018,,"28,54","0,00",,,,
UYU,19/01/2018,,"28,56","0,00",,,,
UYU,18/01/2018,,"28,59","0,00",,,,
UYU,17/01/2018,,"28,58","0,00",,,,
UYU,16/01/2018,,"28,57","0,00",,,,
UYU,15/01/2018,,"28,61","0,00",,,,
UYU,12/01/2018,,"28,60","0,00",,,,
UYU,11/01/2018,,"28,64","0,00",,,,
UYU,10/01/2018,,"28,66","0,00",,,,
UYU,09/01/2018,,"28,65","0,00",,,,
UYU,08/01/2018,,"28,63","0,00",,,,
UYU,05/01/2018,,"28,62","0,00",,,,
UYU,04/01/2018,,"28,65","0,00",,,,
UYU,03/01/2018,,"28,74","0,00",,,,
UYU,02/01/2018,,"28,78","0,00",,,,
UYU,01/01/2018,,"28,80","0,00",,,,
UYU,29/12/2017,,"28,80","0,00",,,,
UYU,28/12/2017,,"28,79","0,00",,,,
UYU,27/12/2017,,"28,84","0,00",,,,
UYU,26/12/2017,,"28,77","0,00",,,,
UYU,25/12/2017,,"28,83","0,00",,,,
UYU,22/12/2017,,"28,83","0,00",,,,
UYU,21/12/2017,,"28,75","0,10",,,,
UYU,20/12/2017,,"28,79","0,00",,,,
UYU,19/12/2017,,"28,73","0,10",,,,
UYU,18/12/2017,,"28,72","0,03",,,,
UYU,15/12/2017,,"28,76","0,00",,,,
UYU,14/12/2017,,"28,85","0,00",,,,
UYU,13/12/2017,,"28,93","0,00",,,,
UYU,12/12/2017,,"28,95","0,00",,,,
UYU,11/12/2017,,"28,95","0,00",,,,
UYU,08/12/2017,,"29,05","0,00",,,,
UYU,07/12/2017,,"28,98","0,00",,,,
UYU,06/12/2017,,"28,97","0,10",,,,
UYU,05/12/2017,,"28,97","0,00",,,,
UYU,04/12/2017,,"28,90","0,00",,,,
UYU,01/12/2017,,"28,97","0,00",,,,
UYU,30/11/2017,,"28,97","0,00",,,,
UYU,29/11/2017,,"28,92","0,00",,,,
UYU,28/11/2017,,"29,01","0,00",,,,
UYU,27/11/2017,,"29,07","0,00",,,,
UYU,24/11/2017,,"29,34","0,00",,,,
UYU,23/11/2017,,"29,34","0,69",,,,
UYU,22/11/2017,,"29,34","0,17",,,,
UYU,21/11/2017,,"29,21","-0,61",,,,
UYU,20/11/2017,,"29,36","0,00",,,,
UYU,17/11/2017,,"29,39","-0,34",,,,
UYU,16/11/2017,,"29,49","0,00",,,,
UYU,15/11/2017,,"29,41","0,00",,,,
UYU,14/11/2017,,"29,32","0,03",,,,
UYU,13/11/2017,,"29,22","0,00",,,,
UYU,10/11/2017,,"29,19","0,00",,,,
UYU,09/11/2017,,"29,17","0,17",,,,
UYU,08/11/2017,,"29,18","0,00",,,,
UYU,07/11/2017,,"29,18","0,21",,,,
UYU,06/11/2017,,"29,18","0,00",,,,
UYU,03/11/2017,,"29,22","0,00",,,,
UYU,02/11/2017,,"29,21","0,10",,,,
UYU,01/11/2017,,"29,15","0,00",,,,
UYU,31/10/2017,,"29,22","0,00",,,,
UYU,30/10/2017,,"29,40","0,38",,,,
UYU,27/10/2017,,"29,38","0,00",,,,
UYU,26/10/2017,,"29,48","0,00",,,,
UYU,25/10/2017,,"29,67","0,78",,,,
UYU,24/10/2017,,"29,63","0,10",,,,
UYU,23/10/2017,,"29,63","0,00",,,,
UYU,20/10/2017,,"29,58","0,00",,,,
UYU,19/10/2017,,"29,50","0,00",,,,
UYU,18/10/2017,,"29,43","0,00",,,,
UYU,17/10/2017,,"29,38","0,00",,,,
UYU,16/10/2017,,"29,38","0,03",,,,
UYU,13/10/2017,,"29,37","0,10",,,,
UYU,12/10/2017,,"29,30","0,00",,,,
UYU,11/10/2017,,"29,32","0,10",,,,
UYU,10/10/2017,,"29,21","0,00",,,,
UYU,09/10/2017,,"29,16","0,00",,,,
UYU,06/10/2017,,"29,18","0,00",,,,
UYU,05/10/2017,,"29,17","0,00",,,,
UYU,04/10/2017,,"29,16","0,10",,,,
UYU,03/10/2017,,"29,10","-0,03",,,,
UYU,02/10/2017,,"28,97","0,00",,,,
UYU,29/09/2017,,"29,16","0,21",,,,
UYU,28/09/2017,,"29,12","0,00",,,,
UYU,27/09/2017,,"28,92","0,00",,,,
UYU,26/09/2017,,"28,86","-0,21",,,,
UYU,25/09/2017,,"28,99","0,55",,,,
UYU,24/09/2017,,"28,89","0,00",,,,
UYU,22/09/2017,,"28,86","-0,10",,,,
UYU,21/09/2017,,"28,85","0,00",,,,
UYU,20/09/2017,,"28,88","0,00",,,,
UYU,19/09/2017,,"28,86","0,00",,,,
UYU,18/09/2017,,"28,88","0,00",,,,
UYU,15/09/2017,,"28,99","0,00",,,,
UYU,14/09/2017,,"28,98","0,00",,,,
UYU,13/09/2017,,"28,82","0,00",,,,
UYU,12/09/2017,,"28,78","-0,07",,,,
UYU,11/09/2017,,"28,75","0,00",,,,
UYU,08/09/2017,,"28,83","0,00",,,,
UYU,07/09/2017,,"28,80","0,28",,,,
UYU,06/09/2017,,"28,73","-0,24",,,,
UYU,05/09/2017,,"28,79","0,21",,,,
UYU,04/09/2017,,"28,81","0,00",,,,
UYU,01/09/2017,,"28,83","0,49",,,,
UYU,31/08/2017,,"28,82","0,45",,,,
UYU,30/08/2017,,"28,74","0,17",,,,
UYU,29/08/2017,,"28,70","0,00",,,,
UYU,28/08/2017,,"28,78","0,00",,,,
UYU,25/08/2017,,"28,79","0,00",,,,
UYU,24/08/2017,,"28,88","0,00",,,,
UYU,23/08/2017,,"28,68","-0,42",,,,
UYU,22/08/2017,,"28,77","0,07",,,,
UYU,21/08/2017,,"28,65","-0,42",,,,
UYU,18/08/2017,,"28,55","-0,07",,,,
UYU,17/08/2017,,"28,58","0,21",,,,
UYU,16/08/2017,,"28,52","0,04",,,,
UYU,15/08/2017,,"28,73","0,00",,,,
UYU,14/08/2017,,"28,85","0,80",,,,
UYU,11/08/2017,,"28,82","0,00",,,,
UYU,10/08/2017,,"28,80","0,00",,,,
UYU,09/08/2017,,"28,60","-0,17",,,,
UYU,08/08/2017,,"28,60","0,21",,,,
UYU,07/08/2017,,"28,41","-0,70",,,,
UYU,04/08/2017,,"28,35","0,00",,,,
UYU,03/08/2017,,"28,35","0,25",,,,
UYU,02/08/2017,,"28,28","0,00",,,,
UYU,01/08/2017,,"28,24","0,00",,,,
UYU,31/07/2017,,"28,29","0,00",,,,
UYU,28/07/2017,,"28,33","-0,21",,,,
UYU,27/07/2017,,"28,42","0,11",,,,
UYU,26/07/2017,,"28,47","0,21",,,,
UYU,25/07/2017,,"28,45","0,14",,,,
UYU,24/07/2017,,"28,47","0,25",,,,
UYU,21/07/2017,,"28,60","0,21",,,,
UYU,20/07/2017,,"28,60","0,21",,,,
UYU,19/07/2017,,"28,60","0,21",,,,
UYU,18/07/2017,,"28,63","0,00",,,,
UYU,17/07/2017,,"28,60","0,00",,,,
UYU,16/07/2017,,"28,75","0,00",,,,
UYU,14/07/2017,,"28,75","0,00",,,,
UYU,13/07/2017,,"28,70","0,00",,,,
UYU,12/07/2017,,"28,82","0,00",,,,
UYU,11/07/2017,,"28,92","0,10",,,,
UYU,10/07/2017,,"28,88","0,10",,,,
UYU,07/07/2017,,"28,96","0,24",,,,
UYU,06/07/2017,,"28,89","0,00",,,,
UYU,05/07/2017,,"28,72","-0,38",,,,
UYU,04/07/2017,,"28,38","0,00",,,,
UYU,30/06/2017,,"28,40","0,00",,,,
UYU,29/06/2017,,"28,34","0,00",,,,
UYU,28/06/2017,,"28,33","0,00",,,,
UYU,27/06/2017,,"28,32","-0,11",,,,
UYU,26/06/2017,,"28,34","0,21",,,,
UYU,23/06/2017,,"28,26","0,00",,,,
UYU,22/06/2017,,"28,33","0,25",,,,
UYU,21/06/2017,,"28,30","0,00",,,,
UYU,20/06/2017,,"28,28","0,00",,,,
UYU,19/06/2017,,"28,29","0,11",,,,
UYU,16/06/2017,,"28,30","0,00",,,,
UYU,15/06/2017,,"28,28","-0,35",,,,
UYU,14/06/2017,,"28,34","0,21",,,,
UYU,13/06/2017,,"28,27","0,00",,,,
UYU,12/06/2017,,"28,47","0,04",,,,
UYU,09/06/2017,,"28,48","0,00",,,,
UYU,08/06/2017,,"28,47","0,00",,,,
UYU,07/06/2017,,"28,39","-0,04",,,,
UYU,06/06/2017,,"28,33","0,00",,,,
UYU,05/06/2017,,"28,30","0,00",,,,
UYU,02/06/2017,,"28,33","0,00",,,,
UYU,01/06/2017,,"28,27","0,00",,,,
UYU,31/05/2017,,"28,23","0,00",,,,
UYU,30/05/2017,,"28,23","0,11",,,,
UYU,29/05/2017,,"28,32","0,00",,,,
UYU,26/05/2017,,"28,23","0,00",,,,
UYU,25/05/2017,,"28,22","0,00",,,,
UYU,24/05/2017,,"28,24","0,21",,,,
UYU,23/05/2017,,"28,24","0,11",,,,
UYU,22/05/2017,,"28,23","-0,14",,,,
UYU,19/05/2017,,"28,33","0,00",,,,
UYU,18/05/2017,,"28,08","0,00",,,,
UYU,17/05/2017,,"28,05","0,00",,,,
UYU,16/05/2017,,"28,03","0,11",,,,
UYU,15/05/2017,,"27,98","0,00",,,,
UYU,12/05/2017,,"28,02","-0,07",,,,
UYU,11/05/2017,,"28,04","0,00",,,,
UYU,10/05/2017,,"28,08","0,00",,,,
UYU,09/05/2017,,"28,01","-0,04",,,,
UYU,08/05/2017,,"27,80","-0,36",,,,
UYU,05/05/2017,,"27,96","0,50",,,,
UYU,04/05/2017,,"27,98","0,00",,,,
UYU,03/05/2017,,"28,09","0,00",,,,
UYU,02/05/2017,,"28,10","0,00",,,,
UYU,01/05/2017,,"28,10","0,00",,,,
UYU,28/04/2017,,"28,09","0,00",,,,
UYU,27/04/2017,,"28,09","0,00",,,,
UYU,26/04/2017,,"28,24","0,00",,,,
UYU,25/04/2017,,"28,35","0,57",,,,
UYU,24/04/2017,,"28,44","0,00",,,,
UYU,23/04/2017,,"28,44","0,00",,,,
UYU,21/04/2017,,"28,44","0,00",,,,
UYU,20/04/2017,,"28,43","0,00",,,,
UYU,19/04/2017,,"28,42","0,11",,,,
UYU,18/04/2017,,"28,50","0,28",,,,
UYU,17/04/2017,,"28,48","0,00",,,,
UYU,14/04/2017,,"28,49","0,00",,,,
UYU,13/04/2017,,"28,50","0,28",,,,
UYU,12/04/2017,,"28,48","0,11",,,,
UYU,11/04/2017,,"28,43","0,04",,,,
UYU,10/04/2017,,"28,43","0,00",,,,
UYU,07/04/2017,,"28,45","0,00",,,,
UYU,06/04/2017,,"28,55","0,32",,,,
UYU,05/04/2017,,"28,52","0,00",,,,
UYU,04/04/2017,,"28,47","0,00",,,,
UYU,03/04/2017,,"28,52","0,21",,,,
UYU,31/03/2017,,"28,63","0,00",,,,
UYU,30/03/2017,,"28,65","0,00",,,,
UYU,29/03/2017,,"28,44","0,00",,,,
UYU,28/03/2017,,"28,42","0,00",,,,
UYU,27/03/2017,,"28,42","0,11",,,,
UYU,24/03/2017,,"28,09","0,00",,,,
UYU,23/03/2017,,"28,10","0,00",,,,
UYU,22/03/2017,,"28,12","0,00",,,,
UYU,21/03/2017,,"28,14","0,00",,,,
UYU,20/03/2017,,"28,16","-0,28",,,,
UYU,17/03/2017,,"28,18","0,00",,,,
UYU,16/03/2017,,"28,22","0,00",,,,
UYU,15/03/2017,,"28,25","0,00",,,,
UYU,14/03/2017,,"28,28","0,00",,,,
UYU,13/03/2017,,"28,33","-0,07",,,,
UYU,10/03/2017,,"28,37","0,00",,,,
UYU,07/03/2017,,"28,07","-0,85",,,,
UYU,06/03/2017,,"28,08","-0,81",,,,
UYU,03/03/2017,,"28,13","0,00",,,,
UYU,02/03/2017,,"28,15","-0,57",,,,
UYU,01/03/2017,,"28,15","-0,07",,,,
UYU,28/02/2017,,"28,20","0,00",,,,
UYU,27/02/2017,,"28,23","0,00",,,,
UYU,24/02/2017,,"28,27","0,00",,,,
UYU,23/02/2017,,"28,29","0,00",,,,
UYU,22/02/2017,,"28,33","0,07",,,,
UYU,21/02/2017,,"28,27","0,00",,,,
UYU,20/02/2017,,"28,29","0,00",,,,
UYU,17/02/2017,,"28,32","0,43",,,,
UYU,16/02/2017,,"28,20","0,00",,,,
UYU,15/02/2017,,"28,30","-0,07",,,,
UYU,14/02/2017,,"28,50","0,14",,,,
UYU,13/02/2017,,"28,57","0,28",,,,
UYU,10/02/2017,,"28,47","0,00",,,,
UYU,09/02/2017,,"28,50","-0,07",,,,
UYU,08/02/2017,,"28,45","-0,35",,,,
UYU,07/02/2017,,"28,38","0,00",,,,
UYU,06/02/2017,,"28,42","0,00",,,,
UYU,03/02/2017,,"28,06","0,00",,,,
UYU,02/02/2017,,"28,08","0,00",,,,
UYU,01/02/2017,,"28,12","0,00",,,,
UYU,31/01/2017,,"28,08","0,00",,,,
UYU,30/01/2017,,"28,14","0,00",,,,
UYU,27/01/2017,,"28,17","0,00",,,,
UYU,26/01/2017,,"28,19","0,00",,,,
UYU,25/01/2017,,"28,22","-0,07",,,,
UYU,24/01/2017,,"28,27","0,11",,,,
UYU,23/01/2017,,"28,55","-0,07",,,,
UYU,20/01/2017,,"28,59","0,00",,,,
UYU,19/01/2017,,"28,62","0,07",,,,
UYU,18/01/2017,,"28,65","-0,07",,,,
UYU,17/01/2017,,"28,70","-0,07",,,,
UYU,16/01/2017,,"28,75","-0,07",,,,
UYU,13/01/2017,,"28,68","0,00",,,,
UYU,12/01/2017,,"28,80","0,00",,,,
UYU,11/01/2017,,"28,68","0,00",,,,
UYU,10/01/2017,,"28,67","0,17",,,,
UYU,09/01/2017,,"28,58","-0,03",,,,
UYU,06/01/2017,,"28,63","0,00",,,,
UYU,05/01/2017,,"28,62","0,00",,,,
UYU,04/01/2017,,"28,55","-1,07",,,,
UYU,03/01/2017,,"28,74","-0,38",,,,
UYU,02/01/2017,,"29,32","0,07",,,,
UYU,30/12/2016,,"29,30","0,00",,,,
UYU,29/12/2016,,"29,07","-0,03",,,,
UYU,28/12/2016,,"28,92","-0,03",,,,
UYU,27/12/2016,,"28,32","-1,84",,,,
UYU,26/12/2016,,"28,35","0,00",,,,
UYU,23/12/2016,,"28,37","-0,35",,,,
UYU,22/12/2016,,"28,47","0,00",,,,
UYU,21/12/2016,,"28,65","0,00",,,,
UYU,20/12/2016,,"28,57","0,00",,,,
UYU,19/12/2016,,"28,64","-0,03",,,,
UYU,16/12/2016,,"28,75","0,00",,,,
UYU,15/12/2016,,"28,48","-0,04",,,,
UYU,14/12/2016,,"28,58","0,00",,,,
UYU,13/12/2016,,"28,67","-0,62",,,,
UYU,12/12/2016,,"28,72","-0,03",,,,
UYU,09/12/2016,,"28,76","0,00",,,,
UYU,08/12/2016,,"28,80","-0,17",,,,
UYU,07/12/2016,,"28,80","0,00",,,,
UYU,06/12/2016,,"28,84","0,03",,,,
UYU,05/12/2016,,"28,87","0,07",,,,
UYU,02/12/2016,,"28,90","0,00",,,,
UYU,01/12/2016,,"28,93","0,00",,,,
UYU,30/11/2016,,"28,95","-0,03",,,,
UYU,29/11/2016,,"29,00","0,03",,,,
UYU,28/11/2016,,"29,02","0,00",,,,
